postcode,count
 1052 CH,175
 1012 AR,47
 1015 RR,24
 1011 TE,21
 1015 HJ,20
 1053 CC,16
 1052 EJ,16
 1075 VR,16
 Noord-Holland,16
 1013 CR,14
 1032 KJ,14
 1031 BV,12
 1018 CZ,11
 1055 AM,11
 1017 PL,11
 1096 DH,11
 1013 GC,11
 1018 VZ,10
 1073 LL,10
 1018 AK,10
 1022 AB,10
 1073 CV,10
 1051 KP,10
 1091 KG,9
 1013 AZ,9
 1017 EN,9
 1094 HH,9
 1074 VM,9
 1031 KS,9
 1032 LP,9
 1076 CW,8
 1055 SC,8
 1051 MA,8
 1091 DA,8
 1072 SM,8
 1074 JH,8
 1096 GG,8
 1091 EM,8
 1053 WP,8
 1019 BG,8
 1092 AN,8
 1072 LC,8
 1013 MM,8
 1067 HR,8
 1073 BB,7
 1054 TN,7
 1054 AA,7
 1073 ED,7
 1018 WS,7
 1086 VB,7
 1019 AW,7
 1093 VD,7
 1074 HX,7
 1091 EN,7
 1072 XA,7
 1056 BB,7
 1096 BA,7
 1057 JB,7
 1071 AA,7
 1073 EG,7
 1035 RN,7
 1017 XK,7
 1067 WN,7
 1076 CV,6
 1028 AX,6
 1054 ZS,6
 1015 GB,6
 1017 TR,6
 1015 BB,6
 1054 EJ,6
 1013 HB,6
 1019 JV,6
 1057 DN,6
 1032 LV,6
 1019 LJ,6
 1058 AA,6
 1032 KK,6
 1093 NN,6
 1055 AA,6
 1022 KE,6
 1087 DP,6
 1032 KL,6
 1063 GZ,6
 1025 PB,6
 1073 RR,6
 1055 CK,6
 1013 GM,6
 1055 AD,6
 1053 PK,6
 1032 LM,6
 1014 BX,6
 1055 RW,6
 1071 CR,6
 1183 AJ,6
 1071 ZD,6
 1073 TD,5
 1053 SH,5
 1018 CK,5
 1017 XZ,5
 1018 NA,5
 1055 EK,5
 1052 CT,5
 1091 EB,5
 1072 BE,5
 1013 SM,5
 1072 RC,5
 1018 VK,5
 1023 NA,5
 1079 LM,5
 1022 KL,5
 1074 HV,5
 1073 CH,5
 1011 VX,5
 1015 NB,5
 1014 DB,5
 1097 AH,5
 1073 GC,5
 1092 AD,5
 1012 GL,5
 1052 DD,5
 1093 JL,5
 1071 VG,5
 1053 LC,5
 1072 GR,5
 1073 EK,5
 1087 GD,5
 1051 KM,5
 1013 RS,5
 1073 BR,5
 1094 GR,5
 1053 XJ,5
 1054 LR,5
 1087 KA,5
 1072 CT,5
 1054 DZ,5
 1015 JJ,5
 1074 BP,5
 1078 NL,5
 1032 VC,5
 1073 AT,5
 1052 SH,5
 1054 ZH,5
 1051 BW,5
 1013 AK,5
 1095 MD,5
 1021 BS,5
 1033 WB,5
 1053 BJ,5
 1057 AK,5
 1017 KJ,5
 1017 XJ,5
 1032 KE,5
 1093 HZ,5
 1018 TM,5
 1053 AT,5
 1072 EX,5
 1086 VA,5
 1092 AM,5
 1014 ZB,5
 1052 KC,5
 1056 NG,5
 1078 PJ,5
 1053 SB,5
 1012 RD,5
 1079 KA,5
 1023 VN,5
 1066 CP,5
 1066 CA,5
 1017 JD,4
 1087 JA,4
 1074 HC,4
 1058 TC,4
 1053 XE,4
 1091 EL,4
 1016 VW,4
 1074 CM,4
 1017 AN,4
 1082 LZ,4
 1058 GW,4
 1013 EC,4
 1078 RT,4
 1058 HE,4
 1082 VA,4
 1056 SG,4
 1074 XH,4
 1072 AW,4
 1015 AK,4
 1021 HG,4
 1053 TZ,4
 1091 EC,4
 1093 NG,4
 1055 LD,4
 1094 SC,4
 1092 TS,4
 1023 NM,4
 1094 HW,4
 1054 HW,4
 1091 GB,4
 1054 KH,4
 1065 BG,4
 1057 KH,4
 1072 XW,4
 1013 LH,4
 1056 LD,4
 1072 SJ,4
 1058 LM,4
 1074 VE,4
 1056 JK,4
 1013 HE,4
 1052 LN,4
 1017 HA,4
 1053 LV,4
 1013 GW,4
 1057 EA,4
 1091 HN,4
 1094 SW,4
 1073 TH,4
 1013 GX,4
 1071 XW,4
 1015 DS,4
 1098 GE,4
 1055 KD,4
 1076 BP,4
 1017 KM,4
 1053 LW,4
 1092 CL,4
 1017 DZ,4
 1056 JH,4
 1018 ZV,4
 1013 RW,4
 1097 CA,4
 1057 JN,4
 1053 VN,4
 1060 TP,4
 1052 NA,4
 1061 MK,4
 1056 CP,4
 1018 KP,4
 1054 MG,4
 1072 ED,4
 1087 GE,4
 1013 KW,4
 1051 CP,4
 1012 PV,4
 1078 CJ,4
 1097 AE,4
 1087 MA,4
 1056 KM,4
 1073 HA,4
 1057 EH,4
 1016 VX,4
 1057 BW,4
 1092 BM,4
 1059 BW,4
 1072 GA,4
 1055 HD,4
 1078 LD,4
 1093 CZ,4
 1057 HR,4
 1051 XZ,4
 1013 LC,4
 1098 NA,4
 1079 VT,4
 1097 CE,4
 1074 EN,4
 1091 HC,4
 1011 PN,4
 1013 JN,4
 1015 ND,4
 1036 LJ,4
 1054 CC,4
 1052 HX,4
 1078 HE,4
 1072 JV,4
 1094 CJ,4
 1087 GM,4
 1092 GG,4
 1091 EW,4
 1073 VW,4
 1087 HM,4
 1091 PK,4
 1057 DA,4
 1012 VG,4
 1074 CV,4
 1053 XA,4
 1094 CG,4
 1012 ZJ,4
 1032 LL,4
 1098 BC,4
 1036 KD,4
 1092 EM,4
 1016 NK,4
 1074 BK,4
 1093 NP,4
 1081 KC,4
 1059 XE,4
 1059 AT,4
 1055 RD,4
 1056 GH,4
 1054 CE,4
 1017 WS,4
 1054 VV,4
 1072 XB,4
 1015 LE,4
 1011 TD,4
 1093 HR,4
 1015 GH,4
 1011 AC,4
 1074 XD,4
 1053 BV,4
 1031 CC,4
 1015 LS,4
 1058 LJ,4
 1057 BG,4
 1015 TM,4
 1096 CN,4
 1055 NE,4
 1031 HJ,4
 1052 RZ,4
 1063 ED,4
 1058 XT,4
 1074 AA,4
 1018 XE,4
 1051 GX,4
 1057 CB,4
 1053 AS,4
 1013 SZ,4
 1055 XT,4
 1011 EN,4
 1054 ZW,4
 1053 DW,4
 1081 LA,4
 1024 BC,3
 1013 MR,3
 1095 VW,3
 1094 EL,3
 1012 HL,3
 1054 KT,3
 1058 JB,3
 1057 EV,3
 1056 WD,3
 1051 PB,3
 1018 AD,3
 1052 VK,3
 1072 MA,3
 1054 GJ,3
 1086 XZ,3
 1011 CB,3
 1059 BP,3
 1015 JD,3
 1017 SV,3
 1018 WL,3
 1087 CD,3
 1052 GA,3
 1086 ZT,3
 1059 XD,3
 1052 LS,3
 1086 ZE,3
 1018 DR,3
 1073 TB,3
 1094 HE,3
 1059 BN,3
 1054 HC,3
 1056 WZ,3
 1087 ML,3
 1054 BX,3
 1059 AE,3
 1056 TS,3
 1015 MZ,3
 1017 EW,3
 1055 XS,3
 1013 LB,3
 1018 MR,3
 1055 EB,3
 1015 KW,3
 1053 WJ,3
 1056 BK,3
 1072 EV,3
 1059 AK,3
 1093 DJ,3
 1025 KN,3
 1051 GZ,3
 1059 CW,3
 1098 AJ,3
 1071 XL,3
 1072 GE,3
 1108 AB,3
 1057 TK,3
 1058 EM,3
 1072 KK,3
 1053 SC,3
 1057 GL,3
 1095 CM,3
 1034 ZD,3
 1057 EX,3
 1091 SN,3
 1057 GG,3
 1018 XZ,3
 1018 XH,3
 1087 GX,3
 1054 CN,3
 1079 LL,3
 1013 VL,3
 1071 AR,3
 1056 KP,3
 1058 PC,3
 1018 NC,3
 1052 CK,3
 1074 EC,3
 1032 LK,3
 1012 SP,3
 1017 JX,3
 1013 MS,3
 1053 CE,3
 1058 ED,3
 1093 MA,3
 1015 ZG,3
 1091 VG,3
 1091 JV,3
 1014 ZL,3
 1053 WZ,3
 1054 XR,3
 1071 RA,3
 1014 ZG,3
 1072 CR,3
 1024 ME,3
 1015 AS,3
 1013 PH,3
 1013 RJ,3
 1087 KB,3
 1087 LM,3
 1087 GC,3
 1013 VB,3
 1051 JA,3
 1092 VK,3
 1098 AS,3
 1106 ZM,3
 1053 MX,3
 1018 VN,3
 1058 DA,3
 1015 RA,3
 1056 BH,3
 1015 PT,3
 1015 HC,3
 1058 XJ,3
 1025 RW,3
 1056 DM,3
 1025 WE,3
 1056 DD,3
 1017 AE,3
 1078 AV,3
 1058 XE,3
 1057 HT,3
 1017 TV,3
 1056 PJ,3
 1078 RP,3
 1058 AR,3
 1011 BR,3
 1054 BE,3
 1052 XP,3
 1013 LR,3
 1091 LD,3
 1078 MG,3
 1086 VC,3
 1015 TT,3
 1061 BL,3
 1056 XW,3
 1017 PR,3
 1079 DD,3
 1053 CM,3
 1053 SP,3
 1052 KJ,3
 1017 SH,3
 1058 XX,3
 1031 CE,3
 1058 TH,3
 1054 TD,3
 1076 PJ,3
 1015 HS,3
 1073 EB,3
 1051 CE,3
 1056 LB,3
 1091 KL,3
 1057 JS,3
 1013 JL,3
 1015 GL,3
 1058 XV,3
 1018 WG,3
 1056 XR,3
 1012 EG,3
 1059 EB,3
 1095 TH,3
 1011 BD,3
 1056 SJ,3
 1021 CR,3
 1016 VV,3
 1017 JM,3
 1054 VN,3
 1051 GM,3
 1023 NC,3
 1014 BL,3
 1056 GL,3
 1015 DW,3
 1013 GS,3
 1019 WD,3
 1055 DW,3
 1091 AA,3
 1054 ER,3
 1058 XR,3
 1012 RT,3
 1017 TP,3
 1072 GB,3
 1056 XM,3
 1032 KX,3
 1024 LJ,3
 1014 ZE,3
 1078 AW,3
 1056 HN,3
 1057 HN,3
 1057 JW,3
 1066 XM,3
 1054 JS,3
 1054 BR,3
 1061 MJ,3
 1072 AR,3
 1079 SW,3
 1057 AV,3
 1055 ES,3
 1013 CS,3
 1072 JK,3
 1055 SV,3
 1018 VR,3
 1017 DW,3
 1053 BG,3
 1035 HZ,3
 1012 KB,3
 1056 RZ,3
 1057 GT,3
 1087 KH,3
 1072 PG,3
 1056 TH,3
 1021 HR,3
 1015 GK,3
 1059 XW,3
 1013 VZ,3
 1013 RK,3
 1059 AJ,3
 1066 DJ,3
 1073 SW,3
 1098 WG,3
 1072 HL,3
 1015 KJ,3
 1102 ZJ,3
 1057 CV,3
 1017 PH,3
 1017 DA,3
 1027 AD,3
 1094 CR,3
 1053 TT,3
 1016 SJ,3
 1053 BM,3
 1012 CX,3
 1056 NV,3
 1011 LZ,3
 1015 CT,3
 1056 HA,3
 1075 VX,3
 1073 HG,3
 1053 HH,3
 1017 ZR,3
 1053 WD,3
 1057 DT,3
 1012 SN,3
 1017 LP,3
 1058 AB,3
 1018 VL,3
 1053 AE,3
 1031 KR,3
 1017 TK,3
 1052 KK,3
 1057 VB,3
 1054 XL,3
 1012 AE,3
 1056 HG,3
 1071 TV,3
 1073 SZ,3
 1017 PM,3
 1095 CV,3
 1078 BK,3
 1055 CM,3
 1012 TS,3
 1079 EB,3
 1051 NV,3
 1013 LD,3
 1033 RC,3
 1072 VE,3
 1091 GT,3
 1013 RV,3
 1072 CW,3
 1054 MV,3
 1033 HH,3
 1017 AK,3
 1054 ZL,3
 1053 GJ,3
 1013 RR,3
 1015 AC,3
 1011 BG,3
 1018 SC,3
 1053 ZW,3
 1012 CJ,3
 1051 CT,3
 1058 LS,3
 1074 CP,3
 1013 LA,3
 1078 NX,3
 1054 AV,3
 1011 VZ,3
 1016 TA,3
 1074 EB,3
 1012 CV,3
 1018 DD,3
 1021 ND,3
 1071 AJ,3
 1018 VG,3
 1073 TM,3
 1052 LX,3
 1031 HD,3
 1073 CZ,3
 1054 MJ,3
 1093 SJ,3
 1087 VW,3
 1056 NZ,3
 1053 VM,3
 1055 JE,3
 1094 BJ,3
 1057 HB,3
 1075 TE,3
 1017 JB,3
 1052 GT,3
 1091 GR,3
 1027 AZ,3
 1035 NT,3
 1091 KS,3
 1015 NS,3
 1053 NJ,3
 1055 DX,3
 1014 ZC,3
 1096 GJ,3
 1094 AA,3
 1078 JM,3
 1035 HX,3
 1054 XV,3
 1017 JZ,3
 1021 GZ,3
 1054 XH,3
 1055 DS,3
 1053 HB,3
 1102 SB,3
 1056 JS,3
 1012 VH,3
 1012 TM,3
 1102 CZ,3
 1058 VG,3
 1056 EB,3
 1016 CR,3
 1093 EH,3
 1053 EP,3
 1013 BD,3
 1056 JJ,3
 1097 BB,3
 1016 NA,3
 1071 CV,3
 1053 KD,3
 1093 KL,3
 1053 ZD,3
 1018 AN,3
 1053 DD,3
 1073 GB,3
 1058 DE,3
 1015 LM,3
 1073 VN,3
 1052 LP,3
 1096 AD,3
 1018 HH,3
 1102 ZB,3
 1056 RK,3
 1018 AE,3
 1066 GB,3
 1072 PH,3
 1051 TX,3
 1054 MD,3
 1054 AL,3
 1018 WA,3
 1058 BE,3
 1057 JA,3
 1054 VP,3
 1058 TV,3
 1058 JA,3
 1019 AZ,3
 1055 KA,3
 1054 WR,3
 1012 CZ,3
 1091 TH,3
 1078 LL,3
 1057 CZ,3
 1051 NL,3
 1102 TC,3
 1098 GK,3
 1093 GB,3
 1017 PV,3
 1079 WG,3
 1053 AV,3
 1073 SC,3
 1072 CA,3
 1017 GB,3
 1066 CN,3
 1076 EP,3
 1051 LJ,2
 1017 DS,2
 1013 EE,2
 1012 SW,2
 1093 TP,2
 1058 AJ,2
 1078 XE,2
 1012 PW,2
 1053 BE,2
 1055 LW,2
 1012 GD,2
 1017 ZN,2
 1073 VT,2
 1054 HK,2
 1011 KN,2
 1054 CX,2
 1074 HW,2
 1011 HB,2
 1017 GE,2
 1015 NV,2
 1028 BH,2
 1075 VM,2
 1015 NH,2
 1055 BT,2
 1016 VD,2
 1057 VR,2
 1059 AV,2
 1027 AE,2
 1053 ZA,2
 1012 HN,2
 1098 BW,2
 1078 MB,2
 1053 BD,2
 1056 CX,2
 1073 BT,2
 1091 CB,2
 1015 JK,2
 1052 WJ,2
 1018 LP,2
 1018 WE,2
 1051 VJ,2
 1053 KZ,2
 1011 JH,2
 1017 LM,2
 1054 WE,2
 1052 SE,2
 1071 JV,2
 1056 KE,2
 1035 PM,2
 1071 EL,2
 1069 DM,2
 1102 JE,2
 1017 GM,2
 1019 VK,2
 1072 HV,2
 1052 CB,2
 1057 ZC,2
 1091 GH,2
 1051 JJ,2
 1017 SR,2
 1062 XZ,2
 1018 TW,2
 1013 SP,2
 1093 VZ,2
 1054 EL,2
 1054 PL,2
 1055 DZ,2
 1053 LZ,2
 1053 DN,2
 1055 JG,2
 1076 TZ,2
 1054 VD,2
 1032 ET,2
 1091 BG,2
 1054 CR,2
 1054 TW,2
 1071 GP,2
 1072 VP,2
 1058 DH,2
 1017 TB,2
 1018 ZC,2
 1092 HT,2
 1055 BJ,2
 1058 EP,2
 1053 TW,2
 1056 BL,2
 1012 TV,2
 1017 VD,2
 1013 GZ,2
 1098 LV,2
 1017 NC,2
 1072 TN,2
 1011 TN,2
 1017 DX,2
 1034 XE,2
 1095 AW,2
 1052 LL,2
 1093 JK,2
 1072 VM,2
 1072 VN,2
 1078 XH,2
 1055 NR,2
 1095 WH,2
 1021 VW,2
 1058 NC,2
 1052 LV,2
 1015 LW,2
 1013 KJ,2
 1015 CD,2
 1091 WX,2
 1012 VD,2
 1073 HK,2
 1072 RD,2
 1079 MB,2
 1019 BB,2
 1061 AE,2
 1079 BA,2
 1015 ZJ,2
 1013 HG,2
 1097 DG,2
 1055 DJ,2
 1057 KE,2
 1057 DC,2
 1058 EN,2
 1022 MA,2
 1017 KH,2
 1058 KA,2
 1064 MD,2
 1052 NE,2
 1021 BR,2
 1052 WN,2
 1076 BK,2
 1065 BC,2
 1054 CM,2
 1021 CS,2
 1023 BP,2
 1056 HR,2
 1016 XK,2
 1058 DN,2
 1062 KT,2
 1053 EL,2
 1013 XH,2
 1011 MT,2
 1032 GX,2
 1079 ZG,2
 1017 BD,2
 1054 XA,2
 1073 VP,2
 1021 VC,2
 1054 CT,2
 1018 PL,2
 1017 ET,2
 1055 WC,2
 1097 DJ,2
 1017 VS,2
 1012 NA,2
 1078 NS,2
 1075 GR,2
 1018 ET,2
 1093 ED,2
 1012 GH,2
 1071 SC,2
 1011 GD,2
 1018 NB,2
 1052 XS,2
 1012 EE,2
 1075 XH,2
 1074 EE,2
 1057 BN,2
 1057 JP,2
 1059 AD,2
 1074 EP,2
 1053 ZR,2
 1053 ZL,2
 1012 XM,2
 1071 VM,2
 1061 MG,2
 1013 GT,2
 1055 EA,2
 1060 RX,2
 1018 EL,2
 1058 LT,2
 1015 BN,2
 1066 XK,2
 1053 TP,2
 1092 EB,2
 1023 AM,2
 1036 LZ,2
 1056 BJ,2
 1052 EB,2
 1091 EG,2
 1076 BM,2
 1015 XK,2
 1079 JR,2
 1077 SR,2
 1011 RX,2
 1025 ZH,2
 1078 AA,2
 1012 ZE,2
 1091 KE,2
 1053 XC,2
 1078 CV,2
 1057 KG,2
 1016 XX,2
 1051 EC,2
 1013 MJ,2
 1077 XB,2
 1058 DV,2
 1052 KA,2
 1053 LT,2
 1023 BX,2
 1053 ST,2
 1021 ED,2
 1036 LC,2
 1018 AM,2
 1015 ZA,2
 1053 WE,2
 1015 HM,2
 1013 AG,2
 1013 BR,2
 1017 JN,2
 1051 EL,2
 1053 ZN,2
 1075 NR,2
 1091 GL,2
 1054 XE,2
 1093 RP,2
 1092 KS,2
 1053 WG,2
 1072 JE,2
 1033 NM,2
 1053 KB,2
 1055 NC,2
 1058 BK,2
 1095 TE,2
 1018 BB,2
 1051 EA,2
 1058 XC,2
 1052 RP,2
 1051 EP,2
 1021 BT,2
 1056 GM,2
 1012 MS,2
 1058 TB,2
 1051 DA,2
 1098 BJ,2
 1018 EM,2
 1054 AB,2
 1072 EN,2
 1055 VX,2
 1074 TV,2
 1056 EH,2
 1061 CC,2
 1072 SV,2
 1071 RK,2
 1091 AR,2
 1073 AW,2
 1018 AJ,2
 1015 NL,2
 1013 LV,2
 1053 NC,2
 1076 BR,2
 1091 RC,2
 1079 TN,2
 1032 LB,2
 1012 NE,2
 1079 VW,2
 1051 AC,2
 1098 NJ,2
 1016 TG,2
 1054 CB,2
 1053 LH,2
 1098 SK,2
 1054 JX,2
 1052 XZ,2
 1091 KC,2
 1075 EV,2
 1094 EZ,2
 1056 PG,2
 1053 RH,2
 1015 AN,2
 1072 JC,2
 1091 ST,2
 1051 ML,2
 1052 XL,2
 1013 EH,2
 1018 EK,2
 1015 DC,2
 1018 EJ,2
 1060 TR,2
 1011 KB,2
 1059 CD,2
 1032 BB,2
 1015 DK,2
 1057 PS,2
 1062 HL,2
 1015 AM,2
 1053 SE,2
 1053 NL,2
 1057 EE,2
 1054 MT,2
 1018 KV,2
 1017 BM,2
 1091 RS,2
 1016 XP,2
 1019 DZ,2
 1015 DP,2
 1011 AM,2
 1032 AH,2
 1056 ET,2
 1087 GT,2
 1016 RR,2
 1051 BN,2
 1017 RE,2
 1013 TJ,2
 1052 AT,2
 1091 TB,2
 1052 XN,2
 1072 BR,2
 1017 BC,2
 1094 XG,2
 1056 SK,2
 1075 CV,2
 1078 XG,2
 1032 KR,2
 1018 VJ,2
 1017 ZS,2
 1018 VE,2
 1078 LK,2
 1093 RT,2
 1108 DG,2
 1051 VD,2
 1035 TT,2
 1098 LE,2
 1054 XD,2
 1056 GJ,2
 1056 CG,2
 1094 GS,2
 1054 KV,2
 1015 MR,2
 1079 TB,2
 1076 AK,2
 1025 KM,2
 1092 VE,2
 1052 EG,2
 1057 ZM,2
 1059 BB,2
 1056 BZ,2
 1019 HK,2
 1051 ET,2
 1052 GR,2
 1016 RA,2
 1017 RP,2
 1058 VS,2
 1094 LR,2
 1056 VZ,2
 1063 CB,2
 1066 DE,2
 1051 XL,2
 1077 VP,2
 1052 XX,2
 1092 CS,2
 1057 SX,2
 1013 MB,2
 1058 BT,2
 1056 PL,2
 1019 TK,2
 1018 WT,2
 1018 VC,2
 1055 CS,2
 1073 BZ,2
 1013 NJ,2
 1091 JR,2
 1051 VM,2
 1055 HC,2
 1094 CD,2
 1079 EA,2
 1083 GT,2
 1074 AW,2
 1091 TC,2
 1057 HL,2
 1052 BE,2
 1051 HJ,2
 1055 PN,2
 1054 JA,2
 1094 CP,2
 1057 SW,2
 1054 BP,2
 1016 CX,2
 1072 SN,2
 1053 KR,2
 1094 EP,2
 1097 BA,2
 1052 HS,2
 1012 LP,2
 1087 HE,2
 1064 WT,2
 1054 LN,2
 1073 CR,2
 1051 GR,2
 1052 DC,2
 1091 GN,2
 1094 NC,2
 1035 MA,2
 1017 KA,2
 1054 EZ,2
 1053 SJ,2
 1057 PP,2
 1091 JL,2
 1074 HJ,2
 1052 CN,2
 1015 XR,2
 1055 BH,2
 1015 LD,2
 1036 LA,2
 1076 XC,2
 1091 ND,2
 1019 SL,2
 1091 KR,2
 1015 NT,2
 1091 AD,2
 1053 TJ,2
 1053 VA,2
 1017 VE,2
 1018 AR,2
 1082 RZ,2
 1072 EG,2
 1066 NP,2
 1098 JN,2
 1052 JR,2
 1056 SX,2
 1017 KE,2
 1057 NL,2
 1017 TW,2
 1081 LD,2
 1087 EH,2
 1012 TK,2
 1017 XD,2
 1031 XA,2
 1013 MZ,2
 1108 DW,2
 1057 KA,2
 1019 HC,2
 1098 BL,2
 1035 XC,2
 1072 LH,2
 1078 DE,2
 1054 WB,2
 1054 VJ,2
 1094 ES,2
 1055 VT,2
 1054 ZV,2
 1057 VW,2
 1058 NH,2
 1056 KG,2
 1034 CM,2
 1059 AM,2
 1063 AC,2
 1064 DA,2
 1018 ZS,2
 1013 GR,2
 1012 KD,2
 1057 DE,2
 1058 PD,2
 1078 VG,2
 1017 EJ,2
 1031 AM,2
 1018 HK,2
 1017 VN,2
 1015 AL,2
 1071 MN,2
 1051 JX,2
 1072 CC,2
 1065 XR,2
 1091 GV,2
 1057 ZW,2
 1076 BB,2
 1072 PA,2
 1098 GT,2
 1056 CS,2
 1012 DB,2
 1052 AX,2
 1059 BH,2
 1055 BG,2
 1091 EA,2
 1017 JW,2
 1071 LV,2
 1078 VS,2
 1052 HL,2
 1031 JW,2
 1033 DX,2
 1102 VM,2
 1063 VB,2
 1011 AK,2
 1057 EM,2
 1078 RR,2
 1072 JW,2
 1051 EB,2
 1073 EE,2
 1098 JP,2
 1011 CX,2
 1013 SW,2
 1052 JP,2
 1096 CR,2
 1079 JD,2
 1033 WV,2
 1055 CB,2
 1076 RM,2
 1051 TM,2
 1072 CD,2
 1035 NR,2
 1056 DE,2
 1093 XL,2
 1079 ED,2
 1091 LX,2
 1055 TT,2
 1018 XK,2
 1076 NH,2
 1091 ET,2
 1058 VT,2
 1016 PA,2
 1022 KA,2
 1016 TR,2
 1091 EJ,2
 1087 VX,2
 1058 GN,2
 1073 AD,2
 1058 JM,2
 1013 WK,2
 1072 HM,2
 1025 RX,2
 1094 BM,2
 1072 XH,2
 1033 CX,2
 1018 NE,2
 1073 RN,2
 1054 GS,2
 1079 BN,2
 1057 BB,2
 1052 LW,2
 1055 EJ,2
 1017 RR,2
 1017 ZD,2
 1051 KJ,2
 1018 XW,2
 1015 SW,2
 1056 XG,2
 1015 WK,2
 1095 MX,2
 1087 HN,2
 1056 JV,2
 1095 SV,2
 1074 BE,2
 1056 PZ,2
 1054 JV,2
 1031 HB,2
 1011 CD,2
 1054 XW,2
 1109 CB,2
 1058 VP,2
 1072 PM,2
 1064 NE,2
 1052 KL,2
 1017 SB,2
 1025 LX,2
 1053 ZT,2
 1076 XP,2
 1054 XT,2
 1093 NJ,2
 1072 JS,2
 1072 XT,2
 1074 EW,2
 1087 MD,2
 1055 BX,2
 1052 BX,2
 1092 BL,2
 1055 PS,2
 1051 LK,2
 1015 AB,2
 1032 VA,2
 1058 HH,2
 1015 DL,2
 1092 GM,2
 1091 KJ,2
 1082 AZ,2
 1065 LC,2
 1016 KG,2
 1056 VW,2
 1091 EK,2
 1011 AR,2
 1011 VM,2
 1018 XX,2
 1095 TN,2
 1087 MS,2
 1061 BE,2
 1012 NM,2
 1055 LH,2
 1053 RL,2
 1052 NC,2
 1056 JL,2
 1055 VZ,2
 1013 CT,2
 1096 DR,2
 1011 MZ,2
 1086 ZK,2
 1011 LP,2
 1098 NR,2
 1072 BS,2
 1024 NM,2
 1054 SL,2
 1094 GK,2
 1015 RG,2
 1071 RZ,2
 1012 NP,2
 1015 GD,2
 1032 BJ,2
 1072 AN,2
 1011 TC,2
 1034 JP,2
 1016 ND,2
 1019 BT,2
 1051 PS,2
 1052 SG,2
 1018 SR,2
 1059 TT,2
 1054 HD,2
 1053 PN,2
 1061 BK,2
 1071 AG,2
 1079 TX,2
 1012 MR,2
 1075 EA,2
 1053 ZJ,2
 1016 LA,2
 1052 XD,2
 1017 VA,2
 1073 GA,2
 1094 SH,2
 1031 CB,2
 1031 KP,2
 1056 LE,2
 1086 ZV,2
 1056 JN,2
 1054 XS,2
 1056 DA,2
 1073 XA,2
 1053 BN,2
 1035 JX,2
 1017 NJ,2
 1059 XR,2
 1054 VW,2
 1033 KV,2
 1011 CT,2
 1091 NG,2
 1097 CJ,2
 1013 BG,2
 1087 ER,2
 1057 ZN,2
 1031 CG,2
 1056 KL,2
 1066 EH,2
 1015 DX,2
 1074 BN,2
 1075 CB,2
 1015 SV,2
 1073 BK,2
 1015 ZH,2
 1034 ST,2
 1066 XT,2
 1055 LA,2
 1035 RH,2
 1058 BL,2
 1019 EW,2
 1016 TL,2
 1017 NG,2
 1093 KP,2
 1069 HD,2
 1094 HX,2
 1055 BK,2
 1072 CE,2
 1023 AJ,2
 1091 CW,2
 1013 DN,2
 1056 RL,2
 1082 AA,2
 1018 KZ,2
 1052 SJ,2
 1056 KZ,2
 1094 SP,2
 1017 XH,2
 1018 EW,2
 1059 XL,2
 1093 SK,2
 1017 AJ,2
 1095 SE,2
 1076 AS,2
 1018 LT,2
 1091 TT,2
 1052 VG,2
 1054 AX,2
 1091 RR,2
 1052 JC,2
 1073 CJ,2
 1055 ND,2
 1092 TZ,2
 1055 BW,2
 1013 TA,2
 1051 VV,2
 1095 DK,2
 1094 MH,2
 1072 BC,2
 1051 VS,2
 1056 BW,2
 1058 VJ,2
 1016 KH,2
 1054 ZE,2
 1021 EN,2
 1012 LH,2
 1094 HA,2
 1015 GA,2
 1059 BJ,2
 1074 CE,2
 1017 RJ,2
 1015 JR,2
 1098 BD,2
 1018 HL,2
 1012 HG,2
 1098 NP,2
 1094 GG,2
 1086 ZN,2
 1053 RA,2
 1011 LM,2
 1091 EX,2
 1013 CJ,2
 1036 LM,2
 1015 AG,2
 1012 VC,2
 1073 AX,2
 1091 TW,2
 1092 EP,2
 1056 AC,2
 1075 ER,2
 1022 BL,2
 1093 DL,2
 1072 EM,2
 1062 AV,2
 1013 ST,2
 1052 ED,2
 1051 EE,2
 1086 VK,2
 1175 KK,2
 1057 ZP,2
 1051 GT,2
 1096 GL,2
 1032 LZ,2
 1055 PP,2
 1017 NL,2
 1057 AD,2
 1017 RZ,2
 1012 RZ,2
 1018 CT,2
 1012 TN,2
 1071 LN,2
 1073 BN,2
 1017 XA,2
 1017 HT,2
 1057 HV,2
 1056 CM,2
 1033 WP,2
 1052 GG,2
 1057 GA,2
 1018 VX,2
 1072 KA,2
 1056 BD,2
 1058 DG,2
 1054 VG,2
 1061 VL,2
 1032 GV,2
 1056 XL,2
 1011 GL,2
 1103 RH,2
 1078 DH,2
 1096 GC,2
 1054 TH,2
 1012 SZ,2
 1072 XM,2
 1052 GD,2
 1035 RX,2
 1055 KP,2
 1053 XP,2
 1024 ML,2
 1054 MS,2
 1094 JC,2
 1068 ET,2
 1078 GW,2
 1064 SV,2
 1103 LZ,2
 1054 ML,2
 1058 LD,2
 1056 TX,2
 1053 GP,2
 1093 JP,2
 1058 DC,2
 1060 MN,2
 1018 DG,2
 1055 RM,2
 1015 DR,2
 1013 GA,2
 1053 LR,2
 1055 HS,2
 1051 VX,2
 1058 AK,2
 1032 LH,2
 1061 AX,2
 1054 ZK,2
 1057 CR,2
 1056 GN,2
 1017 RT,2
 1052 CR,2
 1027 AT,2
 1073 VZ,2
 1074 CD,2
 1054 HT,2
 1073 BA,2
 1015 CN,2
 1076 NV,2
 1074 XL,2
 1034 JJ,2
 1054 GD,2
 1056 CD,2
 1059 TR,2
 1012 VS,2
 1013 GE,2
 1053 TR,2
 1054 ET,2
 1054 HJ,2
 1074 XZ,2
 1015 BS,2
 1072 TT,2
 1079 BS,2
 1051 HS,2
 1052 EM,2
 1053 VH,2
 1051 VC,2
 1074 XR,2
 1018 WM,2
 1013 BZ,2
 1097 DL,2
 1059 BV,2
 1021 HL,2
 1012 CB,2
 1058 BG,2
 1058 CV,2
 1056 BR,2
 1053 KT,2
 1015 GE,2
 1093 JV,2
 1073 CG,2
 1026 BX,2
 1016 SZ,2
 1074 JM,2
 1092 XS,2
 1072 JX,2
 1017 ZW,2
 1015 WZ,2
 1022 AM,2
 1061 VB,2
 1073 AA,2
 1092 VH,2
 1018 LR,2
 1071 VS,2
 1017 KD,2
 1098 RW,2
 1017 SK,2
 1074 VK,2
 1035 VD,2
 1079 TV,2
 1062 KJ,2
 1053 RJ,2
 1057 VX,2
 1078 KJ,2
 1056 GP,2
 1054 GZ,2
 1072 XP,2
 1053 AW,2
 1079 XT,2
 1054 WH,2
 1013 XL,2
 1072 XJ,2
 1072 LB,2
 1019 EZ,2
 1057 XL,2
 1072 HA,2
 1021 JL,2
 1079 KE,2
 1019 AL,2
 1091 JG,2
 1066 CB,2
 1057 XR,2
 1072 JB,2
 1062 BG,2
 1072 NL,2
 1073 CX,2
 1081 JG,2
 1104 VA,2
 1051 GW,2
 1032 AT,2
 1093 BS,2
 1055 CH,2
 1032 CR,2
 1055 GV,2
 1096 DS,2
 1022 LA,2
 1031 AE,2
 1056 CA,2
 1061 MB,2
 1095 LH,2
 1095 JX,2
 1015 MH,2
 1057 DB,2
 1074 EA,2
 1064 BP,2
 1056 WX,2
 1056 KC,2
 1035 RT,2
 1011 EH,2
 1051 VP,2
 1071 VW,2
 1053 AM,2
 1057 XG,2
 1031 KE,2
 1092 VV,2
 1052 JE,2
 1098 EZ,2
 1073 XM,2
 1025 LW,2
 1014 BG,2
 1018 VM,2
 1054 JC,2
 1036 KN,2
 1061 BW,2
 1073 VE,2
 1033 KX,2
 1058 LP,2
 1075 GL,2
 1091 CM,2
 1092 BG,2
 1055 VS,2
 1056 DX,2
 1031 JK,2
 1072 VT,2
 1072 HR,2
 1078 NC,2
 1031 JZ,2
 1076 SP,2
 1078 VN,2
 1094 CL,2
 1104 HL,2
 1052 ST,2
 1074 XT,2
 1071 CH,2
 1017 SC,2
 1014 AH,2
 1054 LA,2
 1053 PG,2
 1034 KE,2
 1083 AW,2
 1052 NH,2
 1053 AB,2
 1091 VX,2
 1078 EJ,2
 1092 JB,2
 1021 JE,2
 1065 BB,2
 1055 MJ,2
 1072 PC,2
 1078 VL,2
 1024 AV,2
 1023 BT,2
 1017 PN,2
 1073 BH,2
 1064 BA,2
 1011 TV,2
 1097 BM,2
 1013 HD,2
 1013 WC,2
 1012 NB,2
 1016 VB,2
 1094 EB,2
 1014 AG,2
 1075 TA,2
 1056 HT,2
 1094 GM,2
 1056 EG,2
 1093 BJ,2
 1061 CH,2
 1012 JV,2
 1076 JR,2
 1012 SV,2
 1053 EN,2
 1094 AJ,2
 1076 PN,2
 1017 PJ,2
 1031 HK,2
 1053 JH,2
 1076 DE,2
 1057 WW,2
 1021 HB,2
 1104 HD,2
 1062 GM,1
 1011 HP,1
 1013 BV,1
 1012 XR,1
 1017 BT,1
 1018 KK,1
 1083 CL,1
 1018 PX,1
 1017 ZV,1
 1071 EH,1
 1062 GW,1
 1054 NB,1
 1024 PP,1
 1013 EJ,1
 1017 VV,1
 1016 CH,1
 1011 TK,1
 1078 KB,1
 1017 GL,1
 1071 PH,1
 1017 ZL,1
 1091 CD,1
 1059 XJ,1
 1019 DH,1
 1094 AD,1
 1017 RN,1
 1019 AX,1
 1012 NN,1
 1066 AZ,1
 1071 KJ,1
 1098 LT,1
 1056 WJ,1
 1011 GT,1
 1077 CK,1
 1017 TT,1
 1013 PW,1
 1058 EA,1
 1032 CJ,1
 1098 CM,1
 1054 WZ,1
 1071 XT,1
 1051 CH,1
 1081 JA,1
 1031 KG,1
 1035 PP,1
 1011 VR,1
 1063 AD,1
 1018 ZX,1
 1053 CK,1
 1051 ME,1
 1017 LN,1
 1017 VB,1
 1051 MH,1
 1091 RW,1
 1053 ZX,1
 1058 CA,1
 1058 AE,1
 1011 VL,1
 1012 RM,1
 1011 HZ,1
 1057 PK,1
 1073 SE,1
 1078 ES,1
 1075 TP,1
 1018 BT,1
 1072 AS,1
 1079 LX,1
 1069 MN,1
 1013 VW,1
 1052 WE,1
 1015 ZB,1
 1098 CP,1
 1033 WM,1
 1054 WJ,1
 1058 JV,1
 1097 AR,1
 1102 JG,1
 1056 WK,1
 1018 ZM,1
 1017 LR,1
 1062 AC,1
 1071 RM,1
 1095 HT,1
 1077 KH,1
 1069 HK,1
 1098 NN,1
 1071 XM,1
 1102 RA,1
 1079 NE,1
 1017 KB,1
 1073 KR,1
 1058 KG,1
 1023 CN,1
 1053 BB,1
 1057 ZR,1
 1071 LX,1
 1016 JC,1
 1025 NS,1
 1072 GJ,1
 1072 CP,1
 1053 PW,1
 1053 LL,1
 1023 AH,1
 1011 GA,1
 1021 PN,1
 1013 NS,1
 1066 WX,1
 1067 AK,1
 1072 LS,1
 1073 AM,1
 1052 AV,1
 1015 SC,1
 1063 CE,1
 1075 KT,1
 1097 NR,1
 1055 RC,1
 1015 DM,1
 1094 HR,1
 1078 VR,1
 1077 KC,1
 1071 XZ,1
 1019 AG,1
 1073 AE,1
 1057 VA,1
 1015 KE,1
 1036 LD,1
 1073 EL,1
 1079 PV,1
 1023 BL,1
 1016 AB,1
 1056 VC,1
 1064 BN,1
 1056 RA,1
 1055 NL,1
 1013 RZ,1
 1097 EL,1
 1069 MP,1
 1017 JS,1
 1015 ZK,1
 1053 BT,1
 1053 AZ,1
 1019 DD,1
 1036 KC,1
 1053 HR,1
 1072 AE,1
 1011 KS,1
 1097 RH,1
 1024 CM,1
 1091 VW,1
 1072 HG,1
 1034 WV,1
 1025 LE,1
 1025 PW,1
 1016 CZ,1
 1071 SK,1
 1034 TA,1
 1075 AM,1
 1019 EC,1
 1032 JW,1
 1019 WG,1
 1013 JR,1
 1065 CR,1
 1018 RN,1
 1051 KA,1
 1011 BX,1
 1015 LA,1
 1055 ZM,1
 1077 HS,1
 1015 LT,1
 1079 MA,1
 1071 TT,1
 1071 WV,1
 1109 BN,1
 1071 EA,1
 1017 SZ,1
 1091 TP,1
 1011 KW,1
 1103 LR,1
 1052 JW,1
 1086 XW,1
 1057 XC,1
 1057 XH,1
 1057 XB,1
 1092 CC,1
 1026 CR,1
 1057 KB,1
 1093 HP,1
 1012 RH,1
 1087 KM,1
 1025 NA,1
 1053 WK,1
 1018 ES,1
 1092 BX,1
 1063 TW,1
 1071 ZC,1
 1095 AJ,1
 1069 GA,1
 1094 JS,1
 1075 SX,1
 1015 HV,1
 1072 SG,1
 1071 HM,1
 1091 JM,1
 1072 NN,1
 1024 CH,1
 1017 SG,1
 1053 VE,1
 1078 DZ,1
 1098 XA,1
 1061 AD,1
 1054 WS,1
 1076 TN,1
 1053 XH,1
 1091 HX,1
 1091 XM,1
 1015 RH,1
 1054 ZN,1
 1052 KX,1
 1051 GN,1
 1078 LR,1
 1021 VT,1
 1056 EW,1
 1021 NL,1
 1035 RL,1
 1056 GC,1
 1017 GH,1
 1053 ZB,1
 1053 KK,1
 1072 TW,1
 1021 JC,1
 1054 XX,1
 1094 KT,1
 1052 VW,1
 1053 PM,1
 1093 EL,1
 1073 AK,1
 1060 RM,1
 1011 LE,1
 1053 WN,1
 1053 RT,1
 1091 ES,1
 1092 LC,1
 1065 XM,1
 1076 AC,1
 1011 ET,1
 1025 LB,1
 1079 WP,1
 1011 LL,1
 1033 GS,1
 1019 BL,1
 1075 BD,1
 1034 HC,1
 1092 BA,1
 1056 TZ,1
 1065 TG,1
 1094 EC,1
 1079 WV,1
 1019 WR,1
 1108 AZ,1
 1057 VG,1
 1071 NC,1
 1098 VV,1
 1053 GM,1
 1016 VK,1
 1073 XW,1
 1011 HV,1
 1065 LG,1
 1091 RP,1
 1078 RW,1
 1024 EZ,1
 1018 LD,1
 1054 EN,1
 1094 CC,1
 1075 SJ,1
 1019 KX,1
 1018 XN,1
 1094 KP,1
 1072 NK,1
 1036 LP,1
 1093 RW,1
 1053 AJ,1
 1055 KL,1
 1021 LK,1
 1018 ZK,1
 1060 SM,1
 1051 BH,1
 1056 CR,1
 1054 DW,1
 1055 TM,1
 1052 JT,1
 1095 DS,1
 1053 PV,1
 1011 LC,1
 1097 BS,1
 1091 KP,1
 1035 ST,1
 1078 CZ,1
 1078 JE,1
 1019 PT,1
 1078 GM,1
 1074 GG,1
 1107 VH,1
 1052 EP,1
 1071 XN,1
 1087 MB,1
 1018 AA,1
 1021 HC,1
 1015 WV,1
 1056 HE,1
 1018 JX,1
 1012 HS,1
 1031 CK,1
 1051 CZ,1
 1059 EG,1
 1087 BV,1
 1079 XJ,1
 1018 BN,1
 1074 ED,1
 1071 ML,1
 1018 KX,1
 1021 HT,1
 1013 RP,1
 1015 HE,1
 1053 NV,1
 1074 EL,1
 1057 BH,1
 1017 XC,1
 1072 JM,1
 1018 ST,1
 1077 JS,1
 1075 PV,1
 1063 ME,1
 1055 GT,1
 1073 AC,1
 1071 WR,1
 1095 RZ,1
 1013 VV,1
 1073 HL,1
 1022 BN,1
 1052 LM,1
 1098 TH,1
 1086 XR,1
 1025 LC,1
 1082 ET,1
 1018 HC,1
 1097 XV,1
 1055 EG,1
 1016 LH,1
 1072 SW,1
 1035 VG,1
 1078 TV,1
 1072 RG,1
 1077 VK,1
 1028 BB,1
 1017 TD,1
 1017 HM,1
 1057 XP,1
 1092 AW,1
 1057 XZ,1
 1093 KM,1
 1098 NB,1
 1018 CE,1
 1035 TX,1
 1017 VJ,1
 1094 GA,1
 1106 ZS,1
 1075 KA,1
 1077 LG,1
 1083 VC,1
 1054 SX,1
 1051 GG,1
 1054 AD,1
 1057 EW,1
 1055 TH,1
 1056 DT,1
 1072 JL,1
 1011 TS,1
 1032 HP,1
 1053 SW,1
 1013 MX,1
 1023 PA,1
 1053 EW,1
 1072 HJ,1
 1053 TX,1
 1017 RM,1
 1033 DZ,1
 1033 HT,1
 1058 NK,1
 1035 JN,1
 1056 EL,1
 1028 AZ,1
 1013 MD,1
 1053 JK,1
 1054 BM,1
 1019 BR,1
 1031 AT,1
 1055 KW,1
 1074 AB,1
 1052 NK,1
 1051 XE,1
 1055 VE,1
 1061 HS,1
 1057 BS,1
 1069 KE,1
 1065 JG,1
 1091 NN,1
 1094 EG,1
 1056 WH,1
 1058 EE,1
 1079 AX,1
 1025 ZD,1
 1076 VJ,1
 1051 GV,1
 1017 GW,1
 1051 CB,1
 1015 VM,1
 1013 HV,1
 1095 JH,1
 1017 HH,1
 1017 XL,1
 1035 PN,1
 1059 GC,1
 1076 XZ,1
 1056 HH,1
 1095 EZ,1
 1073 CM,1
 1014 AE,1
 1086 XK,1
 1053 KN,1
 1091 VP,1
 1011 EG,1
 1011 DH,1
 1012 JC,1
 1057 DV,1
 1071 PR,1
 1013 DW,1
 1091 CZ,1
 1091 NW,1
 1032 BL,1
 1071 KL,1
 1095 KV,1
 1077 LV,1
 1057 CT,1
 1091 GS,1
 1072 PN,1
 1019 XB,1
 1071 HT,1
 1097 RP,1
 1017 WD,1
 1012 AH,1
 1033 JB,1
 1072 TK,1
 1051 VB,1
 1052 XW,1
 1053 TM,1
 1013 EA,1
 1057 GB,1
 1076 VK,1
 1073 XE,1
 1077 JD,1
 1087 GL,1
 1094 EA,1
 1098 JV,1
 1018 XT,1
 1091 RV,1
 1076 BN,1
 1056 AZ,1
 1072 NH,1
 1019 EK,1
 1059 CA,1
 1056 XZ,1
 1015 CC,1
 1075 TC,1
 1057 JZ,1
 1059 AL,1
 1035 JW,1
 1095 BT,1
 1075 XV,1
 1021 VZ,1
 1091 PA,1
 1015 MX,1
 1032 XM,1
 1015 HP,1
 1091 TJ,1
 1036 LG,1
 1013 NH,1
 1078 VK,1
 1058 HR,1
 1011 CE,1
 1075 VV,1
 1071 XC,1
 1066 EN,1
 1072 BM,1
 1018 DB,1
 1055 AT,1
 1055 TA,1
 1013 KX,1
 1052 KV,1
 1078 HM,1
 1097 PG,1
 1072 LA,1
 1017 AL,1
 1033 NS,1
 1015 GX,1
 1063 MH,1
 1071 AH,1
 1018 GT,1
 1071 PJ,1
 1016 PT,1
 1079 TT,1
 1074 VW,1
 1055 VA,1
 1094 GJ,1
 1075 LA,1
 1077 HL,1
 1078 KX,1
 1015 VV,1
 1076 TW,1
 1035 JT,1
 1075 NJ,1
 1093 VG,1
 1053 RS,1
 1058 NM,1
 1079 AZ,1
 1057 VM,1
 1091 NP,1
 1079 AS,1
 1057 JH,1
 1059 VC,1
 1043 GR,1
 1054 BW,1
 1091 HP,1
 1015 JP,1
 1016 CW,1
 1108 HP,1
 1098 GX,1
 1054 LJ,1
 1016 XG,1
 1016 XB,1
 1054 AC,1
 1076 AB,1
 1056 EK,1
 1023 AS,1
 1098 BV,1
 1096 AB,1
 1072 CK,1
 1058 BD,1
 1033 BA,1
 1075 EM,1
 1094 AN,1
 1061 BD,1
 1018 JL,1
 1057 SZ,1
 1019 NC,1
 1034 KN,1
 1013 NC,1
 1011 SP,1
 1022 KJ,1
 1067 JS,1
 1079 NV,1
 1056 VG,1
 1091 ER,1
 1012 JS,1
 1013 WP,1
 1058 KT,1
 1098 WR,1
 1015 XP,1
 1098 JL,1
 1103 DL,1
 1055 LX,1
 1018 SX,1
 1107 ZX,1
 1032 GN,1
 1054 KZ,1
 1032 LT,1
 1036 KR,1
 1094 HP,1
 1051 GD,1
 1055 VR,1
 1058 BB,1
 1051 GB,1
 1022 AL,1
 1091 DM,1
 1079 CR,1
 1081 GS,1
 1094 PE,1
 1074 XV,1
 1057 WT,1
 1079 EZ,1
 1064 PP,1
 1052 BP,1
 1056 RN,1
 1069 BW,1
 1062 EP,1
 1013 ZV,1
 1077 BP,1
 1019 HP,1
 1094 PJ,1
 1018 GX,1
 1019 EE,1
 1057 JC,1
 1055 PW,1
 1055 TX,1
 1107 DK,1
 1055 XP,1
 1076 RH,1
 1032 AE,1
 1066 TE,1
 1051 PP,1
 1055 MS,1
 1051 HD,1
 1012 BP,1
 1055 VG,1
 1011 TT,1
 1013 LP,1
 1054 KP,1
 1018 RK,1
 1016 VT,1
 1017 TE,1
 1021 PX,1
 1071 VK,1
 1054 PM,1
 1087 KN,1
 1051 EN,1
 1061 BS,1
 1018 NX,1
 1077 PR,1
 1096 GA,1
 1065 KH,1
 1092 TJ,1
 1094 AE,1
 1069 ME,1
 1052 GM,1
 1052 RT,1
 1034 MG,1
 1083 AD,1
 1054 TB,1
 1057 SV,1
 1022 KG,1
 1019 TB,1
 1095 TA,1
 1058 GA,1
 1015 DV,1
 1064 WR,1
 1053 RE,1
 1087 CC,1
 1079 XX,1
 1015 MV,1
 1079 XN,1
 1021 EJ,1
 1054 ZD,1
 1056 BC,1
 1098 XB,1
 1019 HX,1
 1055 XN,1
 1075 BA,1
 1091 AJ,1
 1011 CN,1
 1057 RH,1
 1011 GK,1
 1097 NZ,1
 1015 XX,1
 1012 RG,1
 1023 TX,1
 1064 AA,1
 1072 CH,1
 1058 TW,1
 1013 HC,1
 1069 WP,1
 1075 VW,1
 1056 KR,1
 1086 ZS,1
 1032 LG,1
 1025 PT,1
 1064 SE,1
 1011 PT,1
 1075 SN,1
 1104 GE,1
 1011 TL,1
 1072 PD,1
 1097 DT,1
 1053 LX,1
 1015 HH,1
 1052 CJ,1
 1033 SX,1
 1074 BB,1
 1054 EW,1
 1053 ZH,1
 1054 LT,1
 1051 BJ,1
 1079 HH,1
 1069 RS,1
 1073 CS,1
 1019 WB,1
 1012 NV,1
 1093 AA,1
 1012 GC,1
 1034 ZM,1
 1057 PZ,1
 1054 GM,1
 1013 JW,1
 1076 LL,1
 1056 BG,1
 1023 ZE,1
 1071 DM,1
 1098 JT,1
 1075 SE,1
 1102 DJ,1
 1051 NA,1
 1052 TV,1
 1051 PJ,1
 1071 EP,1
 1032 KB,1
 1031 KN,1
 1053 VX,1
 1015 MK,1
 1013 CD,1
 1011 CL,1
 1073 KG,1
 1065 HW,1
 1018 JW,1
 1071 EE,1
 1087 DE,1
 1091 BK,1
 1025 DS,1
 1058 AT,1
 1065 TJ,1
 1025 RD,1
 1053 BW,1
 1032 XJ,1
 1057 AZ,1
 1013 NA,1
 1064 DB,1
 1013 DL,1
 1055 BE,1
 1066 PN,1
 1077 HJ,1
 1013 CC,1
 1071 KS,1
 1054 CJ,1
 1072 LT,1
 1013 ER,1
 1017 CT,1
 1091 CS,1
 1057 HH,1
 1097 DH,1
 1102 BL,1
 1091 VV,1
 1053 CV,1
 1087 EM,1
 1102 MZ,1
 1019 JK,1
 1073 VH,1
 1011 HN,1
 1018 EP,1
 1057 PH,1
 1091 PT,1
 1063 CG,1
 1074 HN,1
 1079 HW,1
 1054 KC,1
 1171 PW,1
 1019 KM,1
 1025 HT,1
 1087 LP,1
 1011 HT,1
 1073 XS,1
 1087 HJ,1
 1054 TG,1
 1025 GM,1
 1013 RC,1
 1051 LL,1
 1036 KK,1
 1087 KD,1
 1018 WP,1
 1035 VR,1
 1058 AH,1
 1095 GK,1
 1071 RE,1
 1018 ZE,1
 1074 TS,1
 1106 EL,1
 1065 TB,1
 1066 EM,1
 1016 LK,1
 1055 DD,1
 1052 EZ,1
 1012 CG,1
 1012 MX,1
 1071 VX,1
 1017 CX,1
 1025 XA,1
 1015 PZ,1
 1013 SJ,1
 1092 VD,1
 1057 BM,1
 1103 RE,1
 1059 AX,1
 1053 NG,1
 1058 KH,1
 1075 TB,1
 1063 AZ,1
 1063 GA,1
 1058 BC,1
 1078 NH,1
 1032 HZ,1
 1019 HW,1
 1075 GS,1
 1094 KX,1
 1071 ZS,1
 1069 WE,1
 1021 NX,1
 1058 CK,1
 1097 ZJ,1
 1054 WX,1
 1017 DM,1
 1056 JT,1
 1013 KT,1
 1033 KL,1
 1075 RE,1
 1057 DW,1
 1107 JS,1
 1078 TX,1
 1011 NE,1
 1062 CJ,1
 1012 ND,1
 1015 JS,1
 1071 TW,1
 1035 TV,1
 1095 KP,1
 1054 DM,1
 1091 GP,1
 1052 DA,1
 1017 JR,1
 1024 EK,1
 1106 DL,1
 1066 CC,1
 1095 AM,1
 1053 MS,1
 1015 JE,1
 1054 AH,1
 1059 VP,1
 1078 DP,1
 1054 BC,1
 1098 LP,1
 1056 BV,1
 1056 DZ,1
 1071 CL,1
 1073 GT,1
 1066 EL,1
 1055 KC,1
 1103 RD,1
 1018 JB,1
 1012 DW,1
 1052 AG,1
 1034 VA,1
 1015 LL,1
 1072 BJ,1
 1091 ED,1
 1098 BK,1
 1072 GC,1
 1102 ZK,1
 1072 BT,1
 1068 KL,1
 1053 NP,1
 1051 CC,1
 1017 DL,1
 1017 HZ,1
 1051 RK,1
 1053 AH,1
 1012 WV,1
 1056 PE,1
 1053 AP,1
 1079 BC,1
 1094 LL,1
 1013 CN,1
 1013 DK,1
 1057 GM,1
 1033 CV,1
 1053 LM,1
 1054 GG,1
 1104 HJ,1
 1032 XD,1
 1051 LG,1
 1054 ZP,1
 1068 PH,1
 1055 DK,1
 1015 GC,1
 1015 BC,1
 1058 CL,1
 1107 RC,1
 1107 PL,1
 1054 VA,1
 1097 BR,1
 1051 DC,1
 1072 BL,1
 1094 GZ,1
 1033 WC,1
 1053 WV,1
 1012 ZK,1
 1102 XV,1
 1031 HT,1
 1055 CZ,1
 1056 WG,1
 1058 JT,1
 1095 JZ,1
 1097 EX,1
 1017 WC,1
 1033 ZD,1
 1062 GG,1
 1087 KE,1
 1058 XZ,1
 1092 EA,1
 1061 XG,1
 1096 AC,1
 1018 HJ,1
 1059 XS,1
 1018 SJ,1
 1086 WC,1
 1032 CC,1
 1015 HD,1
 1054 MX,1
 1065 CP,1
 1078 AH,1
 1053 AN,1
 1057 BV,1
 1078 NP,1
 1096 DT,1
 1053 DX,1
 1018 BD,1
 1095 WG,1
 1092 CK,1
 1015 AR,1
 1077 HD,1
 1016 PE,1
 1032 JB,1
 1087 EK,1
 1102 WP,1
 1076 AT,1
 1015 MD,1
 1015 MP,1
 1058 CP,1
 1013 SX,1
 1052 DG,1
 1018 WK,1
 1071 EW,1
 1015 BP,1
 1069 SC,1
 1018 AC,1
 1013 SR,1
 1017 ZK,1
 1023 XC,1
 1094 BC,1
 1054 JH,1
 1016 KL,1
 1063 ZR,1
 1054 NG,1
 1019 WC,1
 1109 AJ,1
 1077 TC,1
 1098 KX,1
 1016 ZA,1
 1018 EN,1
 1056 WC,1
 1075 PR,1
 1018 JH,1
 1034 CN,1
 1087 CM,1
 1078 RE,1
 1019 CR,1
 1064 NS,1
 1051 LC,1
 1073 TR,1
 1053 ZK,1
 1035 NH,1
 1098 SE,1
 1015 XV,1
 1068 KD,1
 1016 RC,1
 1077 AH,1
 1066 TA,1
 1024 MH,1
 1094 AV,1
 1074 XK,1
 1087 MR,1
 1054 PH,1
 1033 PJ,1
 1096 HR,1
 1053 MR,1
 1011 TG,1
 1073 CT,1
 1052 BN,1
 1062 BW,1
 1012 LX,1
 1015 KS,1
 1108 BZ,1
 1091 GZ,1
 1018 KS,1
 1055 TV,1
 1053 SG,1
 1017 LB,1
 1026 CM,1
 1060 RP,1
 1060 RT,1
 1057 RK,1
 1017 ZJ,1
 1052 GN,1
 1095 MP,1
 1103 PR,1
 1017 AD,1
 1015 BR,1
 1073 XL,1
 1107 SN,1
 1016 DA,1
 1017 RK,1
 1036 KE,1
 1094 HV,1
 1016 KX,1
 1051 HK,1
 1087 EP,1
 1053 MK,1
 1078 GL,1
 1072 AV,1
 1018 EG,1
 1098 RC,1
 1057 XN,1
 1073 XD,1
 1035 WE,1
 1019 DN,1
 1051 BM,1
 1053 ER,1
 1013 JB,1
 1075 VS,1
 1102 SH,1
 1025 RE,1
 1024 JK,1
 1095 KA,1
 1017 CZ,1
 1032 KS,1
 1012 JN,1
 1034 WS,1
 1098 AE,1
 1079 TS,1
 1055 AS,1
 1054 PD,1
 1018 BK,1
 1067 HV,1
 1102 EH,1
 1035 VS,1
 1024 SB,1
 1098 JZ,1
 1079 NB,1
 1078 KE,1
 1078 ED,1
 1121 DE,1
 1072 KJ,1
 1033 BZ,1
 1013 XV,1
 1077 CB,1
 1055 HA,1
 1063 GB,1
 1061 TH,1
 1051 TK,1
 1102 JR,1
 1015 DD,1
 1071 VH,1
 1051 TZ,1
 1092 JH,1
 1012 GK,1
 1091 AT,1
 1076 KJ,1
 1025 LV,1
 1058 KV,1
 1056 VN,1
 1023 BC,1
 1079 WS,1
 1064 GV,1
 1026 CA,1
 1087 BE,1
 1053 SZ,1
 1053 KV,1
 1012 TL,1
 1077 VC,1
 1058 SC,1
 1102 JZ,1
 1057 ZB,1
 1076 LD,1
 1075 BH,1
 1102 TZ,1
 1082 TG,1
 1072 BZ,1
 1091 PP,1
 1055 ST,1
 1095 MB,1
 1015 VC,1
 1032 VB,1
 1054 KG,1
 1079 AB,1
 1098 GA,1
 1058 GL,1
 1052 VX,1
 1055 XX,1
 1062 KH,1
 1057 DH,1
 1057 CM,1
 1062 KA,1
 1058 GV,1
 1082 HZ,1
 1056 KN,1
 1012 BZ,1
 1011 RK,1
 1031 XP,1
 1109 CE,1
 1052 RS,1
 1079 DB,1
 1072 JD,1
 1078 MN,1
 1075 GZ,1
 1091 KA,1
 1097 NP,1
 1075 EE,1
 1086 VL,1
 1095 MN,1
 1087 JW,1
 1052 AK,1
 1066 JC,1
 1025 PS,1
 1058 JC,1
 1056 SZ,1
 1035 LA,1
 1054 TE,1
 1091 CE,1
 1055 ZS,1
 1052 EE,1
 1053 BS,1
 1057 JX,1
 1056 SE,1
 1093 TV,1
 1051 PG,1
 1086 ZX,1
 1095 VB,1
 1034 KS,1
 1093 KH,1
 1093 DC,1
 1071 GN,1
 1034 JX,1
 1025 WN,1
 1011 VB,1
 1013 AD,1
 1052 LH,1
 1056 KS,1
 1057 RE,1
 1055 RB,1
 1079 WJ,1
 1012 EX,1
 1012 DK,1
 1097 XS,1
 1055 AK,1
 1017 EK,1
 1064 TK,1
 1054 TS,1
 1067 LV,1
 1057 HP,1
 1052 XR,1
 1056 DJ,1
 1018 DM,1
 1065 AP,1
 1079 KM,1
 1015 NA,1
 1093 SH,1
 1074 AV,1
 1095 CN,1
 1016 TK,1
 1019 PX,1
 1071 VL,1
 1065 DC,1
 1053 KH,1
 1057 CH,1
 1098 LS,1
 1079 EL,1
 1062 AB,1
 1075 CX,1
 1017 VM,1
 1055 GH,1
 1097 AK,1
 1063 SR,1
 1091 MS,1
 1019 MJ,1
 1017 CJ,1
 1075 GG,1
 1065 AS,1
 1095 DN,1
 1093 SN,1
 1074 VS,1
 1079 AA,1
 1081 BV,1
 1053 KE,1
 1019 AS,1
 1072 AP,1
 1062 ES,1
 1053 JN,1
 1034 KZ,1
 1035 XV,1
 1058 VA,1
 1095 EM,1
 1053 EK,1
 1012 TB,1
 1098 PX,1
 1074 VZ,1
 1032 AS,1
 1082 BH,1
 1092 SC,1
 1013 PD,1
 1057 TD,1
 1059 SV,1
 1025 MT,1
 1019 HM,1
 1071 LW,1
 1052 AL,1
 1091 KB,1
 1011 TR,1
 1012 GJ,1
 1023 NT,1
 1051 KG,1
 1077 EE,1
 1094 SG,1
 1075 AW,1
 1057 XD,1
 1066 PL,1
 1051 CA,1
 1108 BS,1
 1032 XZ,1
 1024 KW,1
 1011 AB,1
 1052 LA,1
 1058 HM,1
 1061 TC,1
 1055 CJ,1
 1051 AK,1
 1055 LT,1
 1021 GD,1
 1013 GL,1
 1011 HA,1
 1171 NT,1
 1054 VE,1
 1107 AM,1
 1056 WL,1
 1011 TJ,1
 1035 PD,1
 1079 VC,1
 1056 VS,1
 1019 LS,1
 1078 BZ,1
 1012 VB,1
 1056 XH,1
 1015 PB,1
 1051 MB,1
 1094 HD,1
 1066 LK,1
 1017 HJ,1
 1066 NX,1
 1022 BP,1
 1066 PP,1
 1018 WC,1
 1018 TL,1
 1025 JH,1
 1086 ZA,1
 1055 RN,1
 1087 DB,1
 1017 LV,1
 1017 XB,1
 1017 WV,1
 1051 AL,1
 1054 HL,1
 1087 HR,1
 1057 GP,1
 1031 KT,1
 1031 KV,1
 1073 TZ,1
 1056 SH,1
 1075 XJ,1
 1081 EH,1
 1059 GK,1
 1056 KD,1
 1078 RG,1
 1058 ER,1
 1091 EE,1
 1087 JE,1
 1076 CM,1
 1092 KL,1
 1033 LN,1
 1032 CN,1
 1069 DA,1
 1079 KR,1
 1035 PT,1
 1057 XJ,1
 1031 HN,1
 1015 KA,1
 1087 EJ,1
 1017 EL,1
 1091 LM,1
 1093 ST,1
 1076 CK,1
 1076 BZ,1
 1102 AZ,1
 1051 GH,1
 1025 PL,1
 1035 PH,1
 1022 KH,1
 1056 DG,1
 1087 EB,1
 1051 MD,1
 1015 XH,1
 1092 HX,1
 1015 AA,1
 1076 PR,1
 1014 ZP,1
 1051 BX,1
 1066 LP,1
 1055 VB,1
 1077 TG,1
 1022 AK,1
 1083 CJ,1
 1018 VT,1
 1025 MX,1
 1095 CS,1
 1055 EW,1
 1032 LW,1
 1055 XG,1
 1092 AA,1
 1012 SC,1
 1017 XN,1
 1079 DJ,1
 1013 RE,1
 1019 WE,1
 1031 GZ,1
 1058 VD,1
 1011 KR,1
 1033 EZ,1
 1053 TH,1
 1025 MB,1
 1073 XK,1
 1052 RJ,1
 1035 RM,1
 1091 TM,1
 1074 CX,1
 1025 HL,1
 1053 KS,1
 1058 SG,1
 1055 HL,1
 1011 RV,1
 1019 HZ,1
 1054 AM,1
 1095 ET,1
 1025 WB,1
 1056 JP,1
 1073 XP,1
 1052 VV,1
 1033 GB,1
 1053 AA,1
 1013 WH,1
 1063 GE,1
 1054 CK,1
 1064 ST,1
 1025 PK,1
 1107 TE,1
 1035 XB,1
 1067 TR,1
 1051 PE,1
 1035 WH,1
 1055 NB,1
 1074 AH,1
 1052 LD,1
 1078 LM,1
 1021 EH,1
 1019 DX,1
 1057 JT,1
 1106 GD,1
 1076 DP,1
 1095 AX,1
 1074 XN,1
 1065 AB,1
 1035 HA,1
 1021 PH,1
 1077 AN,1
 1057 AE,1
 1068 SE,1
 1074 VB,1
 1094 ER,1
 1077 BK,1
 1092 EK,1
 1095 KG,1
 1098 BP,1
 1062 HA,1
 1051 XG,1
 1053 ET,1
 1033 AG,1
 1073 LT,1
 1015 PS,1
 1083 AL,1
 1079 JH,1
 1061 BT,1
 1018 DV,1
 1092 VX,1
 1058 JJ,1
 1065 AK,1
 1097 DE,1
 1011 SE,1
 1055 TC,1
 1057 HE,1
 1082 EM,1
 1078 TR,1
 1059 CZ,1
 1015 ZP,1
 1062 GN,1
 1053 DZ,1
 1076 XX,1
 1051 XS,1
 1075 AS,1
 1051 JT,1
 1055 MB,1
 1052 MZ,1
 1053 JM,1
 1017 NN,1
 1035 XA,1
 1094 RN,1
 1064 DL,1
 1064 DH,1
 1097 BW,1
 1092 JT,1
 1076 BL,1
 1106 KX,1
 1079 GN,1
 1058 KD,1
 1091 KV,1
 1014 ZJ,1
 1018 TH,1
 1066 BR,1
 1091 NJ,1
 1093 CP,1
 1012 TW,1
 1011 BM,1
 1091 AL,1
 1068 NR,1
 1018 MP,1
 1078 LA,1
 1053 DB,1
 1021 BW,1
 1016 KZ,1
 1063 PS,1
 1033 EW,1
 1081 BX,1
 1097 CK,1
 1051 CW,1
 1069 HX,1
 1011 KP,1
 1061 VG,1
 1061 TK,1
 1058 AW,1
 1051 XH,1
 1017 AG,1
 1013 CL,1
 1074 TN,1
 1073 XB,1
 1033 AA,1
 1065 LZ,1
 1015 NJ,1
 1016 TH,1
 1092 HM,1
 1031 KD,1
 1067 CE,1
 1054 ZT,1
 1091 DJ,1
 1057 DD,1
 1083 GN,1
 1064 BM,1
 1059 BC,1
 1083 VG,1
 1064 ME,1
 1033 PB,1
 1016 RJ,1
 1012 RJ,1
 1025 XS,1
 1102 XA,1
 1063 GX,1
 1061 AG,1
 1081 HV,1
 1057 DM,1
 1065 AR,1
 1011 ED,1
 1017 XS,1
 1061 VR,1
 1052 BB,1
 1057 WB,1
 1012 CR,1
 1091 DS,1
 1057 RP,1
 1054 ZB,1
 1074 ES,1
 1011 HD,1
 1051 RE,1
 1055 LL,1
 1016 RH,1
 1091 TG,1
 1019 BN,1
 1017 GP,1
 1094 KN,1
 1011 BK,1
 1072 MH,1
 1012 LK,1
 1059 BK,1
 1072 NB,1
 1065 HE,1
 1034 PZ,1
 1097 RA,1
 1025 GJ,1
 1057 RV,1
 1056 XD,1
 1063 HC,1
 1079 BG,1
 1072 SL,1
 1056 VJ,1
 1068 WC,1
 1103 TV,1
 1054 TL,1
 1073 GD,1
 1097 WV,1
 1094 RL,1
 1069 PR,1
 1087 AX,1
 1053 MA,1
 1051 JC,1
 1059 AS,1
 1024 MP,1
 1033 AT,1
 1087 MK,1
 1057 DJ,1
 1057 RB,1
 1056 DB,1
 1093 VV,1
 1011 GW,1
 1087 CG,1
 1073 KM,1
 1078 KL,1
 1065 EN,1
 1087 HH,1
 1056 XA,1
 1017 JK,1
 1018 LE,1
 1057 BL,1
 1106 BH,1
 1019 BH,1
 1077 PZ,1
 1092 ES,1
 1052 AH,1
 1072 AX,1
 1082 EB,1
 1058 NB,1
 1095 AT,1
 1025 TC,1
 1035 BX,1
 1064 DD,1
 1054 HS,1
 1103 RA,1
 1053 PD,1
 1094 AB,1
 1102 AX,1
 1017 CV,1
 1036 LN,1
 1081 JE,1
 1075 TG,1
 1017 KN,1
 1075 HG,1
 1114 AD,1
 1079 RK,1
 1061 TJ,1
 1025 LP,1
 1087 GN,1
 1069 PL,1
 1079 KG,1
 1055 MA,1
 1073 LP,1
 1052 SM,1
 1092 GE,1
 1078 TL,1
 1072 TZ,1
 1064 AG,1
 1019 ER,1
 1065 SH,1
 1011 JN,1
 1019 RL,1
 1074 TP,1
 1063 EP,1
 1079 HS,1
 1051 XW,1
 1104 HS,1
 1011 EB,1
 1023 NN,1
 1058 EL,1
 1012 NJ,1
 1012 LW,1
 1077 EZ,1
 1097 EE,1
 1057 CX,1
 1051 KV,1
 1017 EC,1
 1017 WJ,1
 1013 ZP,1
 1057 PR,1
 1057 HZ,1
 1013 LG,1
 1057 PN,1
 1058 CR,1
 1033 SN,1
 1015 WN,1
 1012 PX,1
 1057 JV,1
 1012 SG,1
 1031 JB,1
 1078 XS,1
 1035 NG,1
 1031 AA,1
 1023 AZ,1
 1069 DG,1
 1032 EG,1
 1098 CN,1
 1061 XW,1
 1016 TB,1
 1079 GE,1
 1095 ME,1
 1015 TR,1
 1078 HW,1
 1057 CJ,1
 1102 JB,1
 1019 TS,1
 1076 BT,1
 1081 KB,1
 1013 VD,1
 1056 RE,1
 1016 RV,1
 1053 MC,1
 1104 EA,1
 1091 GM,1
 1011 CM,1
 1094 TA,1
 1055 WN,1
 1098 LW,1
 1054 MB,1
 1071 PV,1
 1071 NR,1
 1071 ND,1
 1069 CL,1
 1017 DG,1
 1072 TR,1
 1052 XT,1
 1053 NK,1
 1017 JL,1
 1078 KZ,1
 1034 ZL,1
 1057 HM,1
 1094 CB,1
 1057 ZS,1
 1011 AN,1
 1057 XV,1
 1057 XE,1
 1072 VS,1
 1017 GA,1
 1015 NK,1
 1055 CT,1
 1018 ZZ,1
 1066 WZ,1
 1012 ZH,1
 1011 NB,1
 1011 LT,1
 1011 MJ,1
 1091 VE,1
 1018 HD,1
 1017 AA,1
 1017 CK,1
 1057 HS,1
 1055 KM,1
 1056 CW,1
 1056 EN,1
 1011 EL,1
 1054 LV,1
 1061 CS,1
 1051 CX,1
 1051 LV,1
 1052 AE,1
 1018 VS,1
 1093 XD,1
 1061 EA,1
 1051 AN,1
 1054 DX,1
 1057 VT,1
 1081 AW,1
 1015 GG,1
 1066 BD,1
 1064 SM,1
 1092 KN,1
 1097 BC,1
 1068 CC,1
 1091 KM,1
 1037 RR,1
 1015 BD,1
 1056 XK,1
 1017 AH,1
 1012 BV,1
 1028 BN,1
 1058 BX,1
 1076 ED,1
 1016 SR,1
 1017 GX,1
 1073 LN,1
 1063 CJ,1
 1071 CD,1
 1012 SK,1
 1087 DK,1
 1054 BZ,1
 1071 AN,1
 1071 CG,1
 1054 DJ,1
 1017 TN,1
 1071 BS,1
 1017 AS,1
 1015 SN,1
 1079 JE,1
 1054 LK,1
 1011 PZ,1
 1022 AD,1
 1087 VJ,1
 1055 XV,1
 1091 WV,1
 1091 LS,1
 1017 HE,1
 1082 LE,1
 1093 KS,1
 1093 NK,1
 1056 VD,1
 1098 EJ,1
 1017 PZ,1
 1054 XP,1
 1021 JR,1
 1066 GE,1
 1054 SZ,1
 1098 KT,1
 1012 JB,1
 1074 XC,1
 1051 CK,1
 1019 MA,1
 1068 GJ,1
 1107 DG,1
 1055 EX,1
 1018 SL,1
 1071 CE,1
 1068 EV,1
 1068 SZ,1
 1072 LJ,1
 1064 DK,1
 1013 TG,1
 1054 AW,1
 1060 PK,1
 1016 TT,1
 1062 BP,1
 1032 KD,1
 1097 CC,1
 1079 VH,1
 1071 MC,1
 1075 SV,1
 1079 KT,1
 1023 PB,1
 1075 BC,1
 1015 KG,1
 1017 CB,1
 1073 TX,1
 1098 BR,1
 1051 XM,1
 1053 ZV,1
 1034 XD,1
 1093 CR,1
 1015 LX,1
 1062 AA,1
 1071 WG,1
 1053 GS,1
 1015 NP,1
 1102 ZR,1
 1073 HC,1
 1091 TE,1
 1052 LG,1
 1054 AT,1
 1075 KM,1
 1051 CV,1
 1081 AV,1
 1081 BP,1
 1016 KE,1
 1058 VR,1
 1106 EJ,1
 1051 KS,1
 1051 JM,1
 1016 LV,1
 1051 LD,1
 1074 TB,1
 1053 ZG,1
 1033 RS,1
 1059 VL,1
 1018 ZP,1
 1055 SZ,1
 1103 RK,1
 1069 LH,1
 1065 DB,1
 1058 DR,1
 1071 HA,1
 1094 JG,1
 1064 NW,1
 1082 SN,1
 1023 BM,1
 1053 BP,1
 1032 KW,1
 1055 GS,1
 1087 LR,1
 1068 SC,1
 1065 HV,1
 1056 HD,1
 1054 PJ,1
 1056 RW,1
 1011 KM,1
 1057 VS,1
 1018 WW,1
 1061 MA,1
 1018 ZL,1
 1082 GC,1
 1015 GN,1
 1064 SC,1
 1015 JV,1
 1015 LV,1
 1031 HL,1
 1095 CZ,1
 1017 DK,1
 1078 JN,1
 1057 RN,1
 1034 CR,1
 1073 AP,1
 1082 CE,1
 1059 BM,1
 1012 ZL,1
 1073 HH,1
 1035 LD,1
 1018 DT,1
 1054 AN,1
 1072 KN,1
 1021 CV,1
 1013 WN,1
 1065 TT,1
 1082 CA,1
 1015 XE,1
 1071 NP,1
 1033 HX,1
 1017 VW,1
 1097 ZP,1
 1015 TB,1
 1077 WP,1
 1107 SE,1
 1071 BM,1
 1079 ST,1
 1053 TB,1
 1019 WL,1
 1052 LC,1
 1071 BT,1
 1017 AZ,1
 1087 KR,1
 1091 VL,1
 1103 SC,1
 1077 EK,1
 1057 VN,1
 1057 AJ,1
 1091 LB,1
 1058 HL,1
 1056 CZ,1
 1053 NX,1
 1081 JW,1
 1054 HH,1
 1054 XK,1
 1053 DC,1
 1056 AH,1
 1026 CN,1
 1091 XV,1
 1078 AB,1
 1012 SJ,1
 1075 TN,1
 1077 EJ,1
 1012 DG,1
 1068 WD,1
 1054 NC,1
 1052 WH,1
 1055 RZ,1
 1072 MG,1
 1094 JN,1
 1053 VW,1
 1052 VT,1
 1052 AD,1
 1075 NC,1
 1035 SK,1
 1074 XX,1
 1052 WT,1
 1028 BR,1
 1072 LN,1
 1032 CT,1
 1063 AS,1
 1015 MJ,1
 1021 BP,1
 1017 JT,1
 1017 AM,1
 1057 CD,1
 1071 BG,1
 1054 JN,1
 1056 CJ,1
 1104 DB,1
 1054 BS,1
 1054 BL,1
 1017 GT,1
 1011 VP,1
 1017 ZM,1
 1051 CR,1
 1057 PT,1
 1107 WS,1
 1019 DB,1
 1098 KJ,1
 1069 ED,1
 1094 HG,1
 1072 NT,1
 1076 NR,1
 1054 LL,1
 1073 BP,1
 1075 KJ,1
 1053 SR,1
 1034 ZC,1
 1095 PA,1
 1023 CD,1
 1025 ML,1
 1075 CG,1
 1064 EK,1
 1056 WE,1
 1095 BZ,1
 1053 DE,1
 1079 LT,1
 1057 ZL,1
 1104 DD,1
 1081 GK,1
 1034 XZ,1
 1102 TV,1
 1077 HP,1
 1092 TN,1
 1079 LK,1
 1097 BZ,1
 1091 KD,1
 1057 BK,1
 1017 ZB,1
 1098 RN,1
 1057 TC,1
 1102 ZD,1
 1034 LP,1
 1095 ER,1
 1071 NG,1
 1107 LE,1
 1057 EZ,1
 1082 HA,1
 1012 JT,1
 1054 HN,1
 1018 EA,1
 1018 XA,1
 1013 SB,1
 1052 JK,1
 1074 TM,1
 1092 TL,1
 1092 VP,1
 1019 LM,1
 1092 VT,1
 1058 LN,1
 1053 EV,1
 1059 AC,1
 1053 AL,1
 1056 CC,1
 1011 PG,1
 1013 JM,1
 1012 CD,1
 1057 DX,1
 1093 EG,1
 1103 SK,1
 1057 NM,1
 1061 DL,1
 1062 GV,1
 1058 BJ,1
 1064 AP,1
 1079 SX,1
 1011 JP,1
 1034 ZH,1
 1057 WR,1
 1063 BK,1
 1093 SZ,1
 1059 EP,1
 1057 EC,1
 1015 JC,1
 1098 CD,1
 1056 DC,1
 1033 RE,1
 1056 EA,1
 1066 WE,1
 1054 ES,1
 1035 TD,1
 1025 SX,1
 1093 GE,1
 1065 HK,1
 1018 XP,1
 1078 HG,1
 1075 SH,1
 1057 ET,1
 1069 RA,1
 1055 NA,1
 1017 EM,1
 1056 NM,1
 1079 HM,1
 1102 CP,1
 1095 MS,1
 1081 CM,1
 1055 ED,1
 1082 EL,1
 1053 MP,1
 1022 KB,1
 1019 ME,1
 1053 XB,1
 1057 DR,1
 1055 TN,1
 1095 JR,1
 1053 EB,1
 1073 VR,1
 1079 HT,1
 1056 WR,1
 1066 NB,1
 1078 AZ,1
 1025 ZK,1
 1072 TS,1
 1015 CA,1
 1056 TN,1
 1017 LW,1
 1098 AC,1
 1094 NV,1
 1078 DA,1
 1013 XZ,1
 1108 EB,1
 1018 AV,1
 1018 HM,1
 1062 BJ,1
 1054 GP,1
 1098 KA,1
 1078 RJ,1
 1034 DN,1
 1054 VK,1
 1056 AX,1
 1018 TN,1
 1058 GH,1
 1079 NH,1
 1098 CB,1
 1012 HV,1
 1075 NL,1
 1018 GR,1
 1052 XE,1
 1097 PT,1
 1051 AB,1
 1075 XA,1
 1094 EX,1
 1016 XM,1
 1094 AM,1
 1057 TW,1
 1018 XD,1
 1033 RD,1
 1065 SX,1
 1016 SP,1
 1078 EL,1
 1068 JE,1
 1072 XK,1
 1056 HL,1
 1055 GJ,1
 1063 CC,1
 1058 TS,1
 1017 LG,1
 1033 AV,1
 1053 HL,1
 1056 ER,1
 1015 PJ,1
 1075 HM,1
 1074 JJ,1
 1033 XL,1
 1033 DL,1
 1077 EW,1
 1055 TW,1
 1035 PW,1
 1087 NG,1
 1055 ZJ,1
 1062 KL,1
 1056 TJ,1
 1098 NV,1
 1096 AA,1
 1018 VW,1
 1072 VZ,1
 1066 ES,1
 1051 GE,1
 1034 LL,1
 1017 CG,1
 1063 PD,1
 1093 HS,1
 1053 ZS,1
 1024 TX,1
 1025 JN,1
 1025 MZ,1
 1055 DT,1
 1098 SR,1
 1017 NK,1
 1025 JR,1
 1077 ST,1
 1075 VG,1
 1062 AD,1
 1055 PL,1
 1052 TW,1
 1061 MD,1
 1053 NE,1
 1057 SC,1
 1095 KL,1
 1025 RA,1
 1055 KV,1
 1097 JN,1
 1069 PX,1
 1024 VA,1
 1095 JA,1
 1078 PN,1
 1078 RS,1
 1061 SW,1
 1079 JP,1
 1018 ZT,1
 1058 HA,1
 1081 JK,1
 1093 RZ,1
 1016 NC,1
 1032 LJ,1
 1013 RX,1
 1060 MX,1
 1033 TX,1
 1057 GV,1
 1035 XD,1
 1025 PA,1
 1078 SV,1
 1107 SJ,1
 1016 DB,1
 1055 EM,1
 1087 MG,1
 1033 XM,1
 1057 CP,1
 1015 SL,1
 1025 LH,1
 1077 BS,1
 1011 CA,1
 1097 HN,1
 1034 LS,1
 1102 NP,1
 1067 MN,1
 1093 TR,1
 1057 PM,1
 1074 GC,1
 1071 SM,1
 1011 KD,1
 1016 KN,1
 1071 DC,1
 1055 VV,1
 1058 DD,1
 1094 CW,1
 1013 NE,1
 1017 RW,1
 1078 GR,1
 1016 VA,1
 1057 JM,1
 1059 CX,1
 1033 CL,1
 1059 TG,1
 1015 MS,1
 1055 KN,1
 1057 GD,1
 1056 PK,1
 1091 RZ,1
 1024 PV,1
 1079 VG,1
 1107 RS,1
 1019 GV,1
 1091 SX,1
 1078 AL,1
 1072 GS,1
 1024 NZ,1
 1052 JL,1
 1106 BS,1
 1097 ZD,1
 1106 GZ,1
 1031 DA,1
 1052 TM,1
 1056 EZ,1
 1095 WB,1
 1078 KM,1
 1092 XR,1
 1033 DE,1
 1064 CK,1
 1035 SW,1
 1058 XM,1
 1012 NR,1
 1057 AB,1
 1053 EC,1
 1069 RJ,1
 1059 TV,1
 1051 EZ,1
 1087 HW,1
 1057 JK,1
 1055 TK,1
 1033 DR,1
 1078 WB,1
 1104 LV,1
 1056 AJ,1
 1056 JM,1
 1031 CJ,1
 1011 EE,1
 1093 MD,1
 1053 VB,1
 1081 CP,1
 1079 LE,1
 1054 ZA,1
 1017 NT,1
 1035 XM,1
 1054 VC,1
 1025 NP,1
 1025 RV,1
 1016 KA,1
 1071 NZ,1
 1073 EM,1
 1072 LL,1
 1056 AE,1
 1018 LL,1
 1073 RH,1
 1015 HT,1
 1071 HC,1
 1082 AS,1
 1075 XM,1
 1056 NR,1
 1051 ND,1
 1055 VP,1
 1057 PL,1
 1093 AW,1
 1055 WZ,1
 1018 EB,1
 1051 PL,1
 1078 TP,1
 1063 AP,1
 1071 LE,1
 1062 GL,1
 1011 ML,1
 1056 VT,1
 1092 VB,1
 1071 VB,1
 1053 VL,1
 1012 WP,1
 1051 GS,1
 1073 KV,1
 1091 LG,1
 1057 EL,1
 1055 NN,1
 1034 WR,1
 1098 ES,1
 1093 GG,1
 1031 KA,1
 1057 ST,1
 1082 JM,1
 1059 SZ,1
 1078 LN,1
 1015 GT,1
 1072 RA,1
 1057 VE,1
 1058 LC,1
 1054 LD,1
 1093 GD,1
 1017 KT,1
 1017 KL,1
 1091 LA,1
 1098 AV,1
 1078 HS,1
 1077 CN,1
 1012 RV,1
 1094 SB,1
 1072 TP,1
 1032 JT,1
 1055 AB,1
 1083 VD,1
 1053 LS,1
 1017 WG,1
 1019 AR,1
 1086 ZJ,1
 1094 AX,1
 1056 AM,1
 1058 KE,1
 1094 NB,1
 1056 SP,1
 1035 RE,1
 1065 AD,1
 1079 LN,1
 1072 TA,1
 1059 XZ,1
 1013 PX,1
 1097 SH,1
 1013 JX,1
 1062 EG,1
 1056 TE,1
 1094 GL,1
 1017 VC,1
 1059 EH,1
 1064 WX,1
 1087 VS,1
 1021 RA,1
 1023 EC,1
 1092 HA,1
 1091 NR,1
 1078 KK,1
 1094 CT,1
 1056 EX,1
 1082 ME,1
 1063 EG,1
 1064 HB,1
 1053 DH,1
 1024 ET,1
 1017 DB,1
 1075 NE,1
 1058 KR,1
 1055 GC,1
 1104 NX,1
 1015 GP,1
 1093 GT,1
 1021 PC,1
 1062 GK,1
 1052 AB,1
 1091 JZ,1
 1058 GT,1
 1015 LZ,1
 1091 SM,1
 1018 CS,1
 1018 CR,1
 1018 CP,1
 1024 TV,1
 1055 AG,1
 1103 PP,1
 1076 TG,1
 1059 ED,1
 1092 SB,1
 1059 SP,1
 1053 CZ,1
 1074 EK,1
 1055 SN,1
 1059 VS,1
 1064 WE,1
 1079 VM,1
 1011 JB,1
 1051 KW,1
 1051 KX,1
 1064 WH,1
 1018 MW,1
 1093 NA,1
 1012 MJ,1
 1013 CK,1
 1056 JB,1
 1052 WK,1
 1075 BT,1
 1054 JB,1
 1094 EN,1
 1094 GX,1
 1054 GL,1
 1011 PW,1
 1091 PH,1
 1071 SJ,1
 1061 MH,1
 1071 VT,1
 1052 HV,1
 1091 JP,1
 1072 EH,1
 1055 TP,1
 1064 PA,1
 1095 VC,1
 1093 HK,1
 1082 LD,1
 1018 HE,1
 1053 CH,1
 1055 XB,1
 1079 VX,1
 1017 GR,1
 1058 GD,1
 1058 XA,1
 1078 RK,1
 1092 GS,1
 1018 WN,1
 1012 EZ,1
 1096 GM,1
 1034 CC,1
 1058 DL,1
 1051 JG,1
 1036 KS,1
 1018 TV,1
 1087 HV,1
 1054 VX,1
 1055 ET,1
 1012 TA,1
 1053 LD,1
 1073 TS,1
 1078 HD,1
 1087 CL,1
 1077 HH,1
 1018 DZ,1
 1093 VN,1
 1095 ZA,1
 1091 KT,1
 1066 XP,1
 1058 AL,1
 1019 AV,1
 1057 XT,1
 1069 KD,1
 1063 NK,1
 1077 DJ,1
 1033 HN,1
 1067 XA,1
 1071 SX,1
 1035 SV,1
 1035 HD,1
 1066 PK,1
 1053 XR,1
 1018 HT,1
 1076 LR,1
 1071 ZZ,1
 1082 MD,1
 1063 EC,1
 1056 DH,1
 1051 GJ,1
 1106 ED,1
 1018 PT,1
 1058 KC,1
 1052 CW,1
 1104 GV,1
 1093 XP,1
 1055 TB,1
 1071 HP,1
 1071 GK,1
 1078 BB,1
 1011 SG,1
 1017 RX,1
 1012 BW,1
 1013 HA,1
 1059 BS,1
 1061 BM,1
 1079 GW,1
 1023 CP,1
 1094 CM,1
 1061 AH,1
 1052 HG,1
 1055 ZT,1
 1098 PL,1
 1017 SW,1
 1092 GZ,1
 1073 EJ,1
 1059 TB,1
 1034 WP,1
 1071 AP,1
 1016 PR,1
 1065 LV,1
 1072 AH,1
 1078 EN,1
 1051 TW,1
 1051 BC,1
 1015 RJ,1
 1072 LW,1
 1033 BG,1
 1091 HE,1
 1059 SW,1
 1034 JZ,1
 1056 PN,1
 1052 BG,1
 1075 VZ,1
 1033 CR,1
 1031 AD,1
 1098 GV,1
 1076 RG,1
 1078 GG,1
 1055 CV,1
 1053 BL,1
 1091 CC,1
 1057 CS,1
 1068 CW,1
 1093 AE,1
 1052 HW,1
 1062 JN,1
 1013 TM,1
 1054 PG,1
 1097 DK,1
 1052 BT,1
 1055 TZ,1
 1019 TA,1
 1076 LZ,1
 1054 MR,1
 1013 LL,1
 1058 GK,1
 1068 KR,1
 1057 BR,1
 1098 KZ,1
 1094 EM,1
 1054 GC,1
 1071 TJ,1
 1018 MS,1
 1098 JD,1
 1051 XD,1
 1025 KB,1
 1011 JD,1
 1018 RX,1
 1055 BC,1
 1016 KT,1
 1081 GV,1
 1051 HL,1
 1027 AW,1
 1013 SV,1
 1023 BH,1
 1097 ZT,1
 1057 AR,1
 1056 EJ,1
 1093 SL,1
 1074 BJ,1
 1091 RX,1
 1034 SW,1
 1097 PZ,1
 1053 XW,1
 1079 GG,1
 1012 RE,1
 1012 KL,1
 1057 BJ,1
 1078 EE,1
 1033 BK,1
 1054 JM,1
 1094 AS,1
 1094 RA,1
 1103 BA,1
 1053 HJ,1
 1078 NW,1
 1058 GM,1
 1079 HG,1
 1053 JR,1
 1052 KM,1
 1094 PP,1
 1091 KZ,1
 1055 NT,1
 1092 GW,1
 1057 GX,1
 1091 EP,1
 1035 XS,1
 1058 BP,1
 1075 RB,1
 1053 HG,1
 1012 CT,1
 1024 TN,1
 1103 MV,1
 1074 HP,1
 1073 AL,1
 1055 KJ,1
 1066 GJ,1
 1087 SC,1
 1055 BN,1
 1057 SN,1
 1075 EX,1
 1013 AE,1
 1031 GD,1
 1104 GM,1
 1053 KM,1
 1052 HH,1
 1054 EV,1
 1082 SW,1
 1072 GG,1
 1059 BD,1
 1053 GB,1
 1098 NX,1
 1024 SM,1
 1053 WL,1
 1056 XE,1
 1078 MS,1
 1057 KN,1
 1054 ED,1
 1078 JJ,1
 1094 LM,1
 1075 ED,1
 1013 GK,1
 1078 HT,1
 1079 DS,1
 1097 PN,1
 1057 HX,1
 1018 WZ,1
 1059 XM,1
 1017 RB,1
 1033 PS,1
 1076 KR,1
 1013 AA,1
 1094 EH,1
 1082 AL,1
 1071 WC,1
 1056 JA,1
 1071 ZG,1
 1073 ET,1
 1054 XN,1
 1059 XP,1
 1063 MK,1
 1075 XN,1
 1053 XX,1
 1011 HR,1
 1071 XE,1
 1056 CL,1
 1073 CW,1
 1025 DA,1
 1058 SB,1
 1021 KG,1
 1078 AC,1
 1075 BR,1
 1016 LN,1
 1056 SR,1
 1086 VD,1
 1012 HH,1
 1017 XR,1
 1096 DV,1
 1031 HS,1
 1022 BK,1
 1017 TG,1
 1017 GN,1
 1053 XV,1
 1052 GW,1
 1035 JH,1
 1051 PM,1
 1052 JN,1
 1102 TB,1
 1056 DL,1
 1074 CT,1
 1062 DD,1
 1097 EZ,1
 1064 SZ,1
 1017 GC,1
 1067 AB,1
 1051 BS,1
 1077 JM,1
 1018 GL,1
 1017 NP,1
 1057 RA,1
 1066 GV,1
 1017 RC,1
 1091 TN,1
 1018 JS,1
 1072 LK,1
 1072 CJ,1
 1024 MN,1
 1058 JS,1
 1062 AR,1
 1054 ZR,1
 1053 CP,1
 1077 BA,1
 1034 SX,1
 1012 CW,1
 1071 BP,1
 1012 GM,1
 1025 LN,1
 1053 WR,1
 1013 GG,1
 1018 AL,1
 1097 CH,1
 1098 RE,1
 1092 GX,1
 1091 WT,1
 1057 CG,1
 1051 KN,1
 1013 PL,1
 1031 HH,1
 1075 HD,1
 1097 BT,1
 1015 KD,1
 1018 DH,1
 1024 BL,1
 1075 TW,1
 1095 AP,1
 1067 VC,1
 1031 XW,1
 1022 AN,1
 1024 HL,1
 1053 HA,1
 1055 HZ,1
 1086 ZM,1
 1013 VX,1
 1056 PS,1
 1082 EJ,1
 1065 TL,1
 1055 RE,1
 1078 XV,1
 1022 AP,1
 1023 CJ,1
 1016 RS,1
 1075 VB,1
 1053 CN,1
 1015 KM,1
 1017 HS,1
 1054 KM,1
 1052 LB,1
 1017 NH,1
 1013 NV,1
 1054 NN,1
 1015 PD,1
 1057 HK,1
 1019 AC,1
 1051 JB,1
 1057 GK,1
 1083 CT,1
 1052 JS,1
 1061 AS,1
 1053 LE,1
 1017 CW,1
 1058 GP,1
 1078 AK,1
 1051 AA,1
 1052 ND,1
 1062 JB,1
 1016 SH,1
 1054 XM,1
 1017 ES,1
 1031 XG,1
 1094 HM,1
 1078 JA,1
 1033 KM,1
 1076 DR,1
 1054 GN,1
 1053 LJ,1
 1094 BK,1
 1074 ET,1
 1034 DV,1
 1053 BX,1
 1024 PS,1
 1115 BN,1
 1103 GS,1
 1056 GV,1
 1059 AB,1
 1052 CG,1
 1055 MV,1
 1095 DE,1
 1054 EK,1
 1072 HS,1
 1016 XL,1
 1087 DJ,1
 1017 PK,1
 1107 GB,1
 1094 KH,1
 1033 ES,1
 1075 TM,1
 1011 TM,1
 1023 EA,1
 1078 BT,1
 1072 JG,1
 1093 XZ,1
 1073 VK,1
 1102 XM,1
 1075 XL,1
 1081 CB,1
 1013 VH,1
 1079 LG,1
 1055 TD,1
 1091 TS,1
 1057 BX,1
 1055 CP,1
 1063 BE,1
 1016 VH,1
 1013 MH,1
 1017 BB,1
 1053 RP,1
 1031 JL,1
 1017 XE,1
 1023 ND,1
 1091 DN,1
 1106 JC,1
 1074 BS,1
 1074 CL,1
 1075 BZ,1
 1025 RN,1
 1097 PP,1
 1093 CX,1
 1016 VE,1
 1075 TX,1
 1083 TP,1
 1087 ED,1
 1061 TV,1
 1078 DX,1
 1079 AJ,1
 1073 CA,1
 1092 ER,1
 1075 AE,1
 1054 ZG,1
 1091 XP,1
 1091 RA,1
 1106 CX,1
 1098 HC,1
 1054 LH,1
 1057 GW,1
 1063 GD,1
 1033 KZ,1
 1055 PD,1
 1032 GE,1
 1052 GL,1
 1052 NM,1
 1033 ST,1
 1063 GP,1
 1078 HX,1
 1093 XC,1
 1066 JD,1
 1015 XD,1
 1066 BX,1
 1077 CL,1
 1035 NV,1
 1056 XS,1
 1033 BB,1
 1017 NE,1
 1055 XM,1
 1033 JR,1
 1019 KH,1
 1058 LE,1
 1071 XG,1
 1111 AD,1
 1034 WG,1
 1058 KM,1
 1098 CA,1
 1053 BA,1
 1062 DK,1
 1053 MJ,1
 1012 CK,1
 1018 JV,1
 1031 KB,1
 1013 TL,1
 1015 ZR,1
 1071 MR,1
 1086 ZG,1
 1092 EE,1
 1071 ZH,1
 1012 PB,1
 1051 HN,1
 1066 VH,1
 1019 CD,1
 1015 GJ,1
 1054 EP,1
 1072 EC,1
 1023 EE,1
 1031 JV,1
 1069 LM,1
 1075 NZ,1
 1054 JR,1
 1094 JW,1
 1032 BA,1
 1075 BX,1
 1074 GZ,1
 1021 HK,1
 1098 HE,1
 1033 KK,1
 1019 HR,1
 1031 VT,1
 1017 SM,1
 1091 CK,1
 1054 DK,1
 1115 BZ,1
 1016 RB,1
 1107 VG,1
 1061 XZ,1
 1015 TE,1
 1078 BC,1
 1102 XE,1
 1072 SE,1
 1067 BG,1
 1057 ES,1
 1091 PM,1
 1067 AJ,1
 1098 AL,1
 1072 HE,1
 1031 EK,1
 1032 HN,1
 1021 PP,1
 1025 CW,1
 1053 XD,1
 1059 XH,1
 1054 WK,1
 1093 GX,1
 1075 CH,1
 1062 BR,1
 1061 CW,1
 1054 KE,1
 1033 DH,1
 1079 ZP,1
 1058 EJ,1
 1053 HV,1
 1035 NP,1
 1056 VK,1
 1063 KK,1
 1058 CH,1
 1071 RP,1
 1073 AZ,1
 1059 EL,1
 1079 AG,1
 1071 NS,1
 1034 HP,1
 1063 HA,1
 1091 SV,1
 1032 LN,1
 1073 BW,1
 1056 DV,1
 1015 LB,1
 1055 CC,1
 1098 JA,1
 1052 NJ,1
 1051 JK,1
 1098 BG,1
 1024 JT,1
 1093 AD,1
 1102 RX,1
 1068 GD,1
 1035 NE,1
 1052 RH,1
 1033 JS,1
 1091 PS,1
 1015 SX,1
 1031 TS,1
 1078 LJ,1
 1104 KK,1
 1051 KT,1
 1087 AW,1
 1091 GC,1
 1063 NH,1
 1058 SP,1
 1094 SR,1
 1056 DR,1
 1011 JV,1
 1071 VA,1
 1093 LC,1
 1011 AP,1
 1052 DE,1
 1053 RW,1
 1013 SL,1
 1055 ZB,1
 1087 VM,1
 1032 BD,1
 1056 VX,1
 1053 ZC,1
 1053 DS,1
 1055 JW,1
 1078 PH,1
 1074 CZ,1
 1078 TG,1
 1073 LM,1
 1035 ND,1
 1098 KK,1
 1098 WP,1
 1055 BM,1
 1098 XK,1
 1087 ME,1
 1033 XX,1
 1071 SZ,1
 1077 CX,1
 1077 DD,1
 1098 HR,1
 1081 CK,1
 1054 TK,1
 1098 HH,1
 1092 TV,1
 1087 EG,1
 1077 DC,1
 1077 LL,1
 1062 CG,1
 1076 NT,1
 1015 XW,1
 1097 GC,1
 1059 BR,1
 1108 EL,1
 1053 SX,1
 1015 HN,1
 1065 LS,1
 1075 ST,1
 1053 CT,1
 1092 XW,1
 1015 HR,1
 1078 DG,1
 1056 GD,1
 1057 GZ,1
 1074 EH,1
 1091 CL,1
 1073 RS,1
 1055 DR,1
 1012 RW,1
 1015 NW,1
 1098 GS,1
 1072 PJ,1
 1055 MN,1
 1019 VS,1
 1078 JC,1
 1032 CS,1
 1081 CC,1
 1057 ZV,1
 1059 VX,1
 1057 XW,1
 1061 VP,1
 1060 MG,1
 1102 VL,1
 1091 HW,1
 1058 GS,1
 1032 EL,1
 1098 KH,1
 1034 MC,1
 1051 HZ,1
 1081 JP,1
 1071 XH,1
 1053 CL,1
 1018 GB,1
 1079 ZA,1
 1011 JX,1
 1098 HG,1
 1059 AZ,1
 1057 BD,1
 1082 LX,1
 1031 XX,1
 1079 GC,1
 1021 JK,1
 1056 BX,1
 1019 JR,1
 1025 HB,1
 1016 XS,1
 1058 JL,1
 1075 LB,1
 1067 CJ,1
 1033 JC,1
 1076 KP,1
 1097 JA,1
 1011 SM,1
 1073 TT,1
 1094 KR,1
 1018 TT,1
 1093 WZ,1
 1057 RJ,1
 1071 MV,1
 1073 TV,1
 1054 VB,1
 1053 EA,1
 1072 AM,1
 1032 BH,1
 1018 NG,1
 1075 HH,1
 1096 BN,1
 1033 GV,1
 1055 BP,1
 1087 BC,1
 1075 SC,1
 1055 RV,1
 1059 GJ,1
 1073 GG,1
 1096 CJ,1
 1055 AR,1
 1054 NM,1
 1073 HM,1
 1078 EA,1
 1033 VS,1
 1095 KN,1
 1051 CL,1
 1021 CM,1
 1067 DD,1
 1106 WK,1
 1053 PZ,1
 1091 LT,1
 1078 JZ,1
 1094 KD,1
 1015 AD,1
 1094 EW,1
 1025 HM,1
 1064 DG,1
 1054 WG,1
 1017 BS,1
 1052 SR,1
 1055 XL,1
 1078 JD,1
 1078 SX,1
 1011 SZ,1
 1082 RS,1
 1076 DX,1
 1081 LC,1
 1058 SK,1
 1011 RB,1
 1035 VB,1
 1091 PC,1
 1074 VT,1
 1058 XW,1
 1094 LV,1
 1017 WZ,1
 1077 HG,1
 1054 EA,1
 1073 CN,1
 1071 DP,1
 1091 BX,1
 1056 JG,1
 1052 WC,1
 1025 SE,1
 1075 PJ,1
 1096 BK,1
 1072 LG,1
 1051 PC,1
 1075 CT,1
 1072 XC,1
 1011 JT,1
 1095 GD,1
 1058 VN,1
 1056 NP,1
 1072 SH,1
 1057 VC,1
 1091 TA,1
 1054 LW,1
 1017 VH,1
 1012 AC,1
 1098 AR,1
 1071 CX,1
 1013 SC,1
 1019 ED,1
 1016 TZ,1
 1074 GR,1
 1051 BV,1
 1017 LH,1
 1091 SJ,1
 1057 TE,1
 1077 GW,1
 1063 BJ,1
 1063 MA,1
 1095 CP,1
 1087 BT,1
 1094 JL,1
 1054 WT,1
 1059 TS,1
 1104 HE,1
 1104 HG,1
 1055 AN,1
 1016 XH,1
 1019 SG,1
 1091 LV,1
 1077 TN,1
 1079 EP,1
 1012 SL,1
 1081 CR,1
 1091 CN,1
 1098 JB,1
 1104 HB,1
 1052 WB,1
 1012 NC,1
 1092 LB,1
 1057 VH,1
 1059 CV,1
 1051 XN,1
 1092 EN,1
 1056 HV,1
 1075 SM,1
 1034 PM,1
 1077 RH,1
 1064 CT,1
 1015 NE,1
 1018 LG,1
 1056 TR,1
 1052 WR,1
 1033 NA,1
 1074 VC,1
 1103 RM,1
 1091 LN,1
 1097 HZ,1
 1056 VE,1
 1073 HJ,1
 1075 ET,1
 1053 BH,1
 1097 ED,1
 1019 NH,1
 1072 JH,1
 1018 CC,1
 1093 ZA,1
 1013 TE,1
 1092 HC,1
 1031 GB,1
 1012 JL,1
