,num,location,coordinate,post,code
1,5,"Grachtengordel van Amsterdam, Nassaukade, Staatsliedenbuurt, West, Amsterdam, Noord-Holland, Nederland, 1052 CH, Nederland","(52.37197895, 4.884726800042784)",1052,CH
2,18,"Grachtengordel van Amsterdam, Nassaukade, Staatsliedenbuurt, West, Amsterdam, Noord-Holland, Nederland, 1052 CH, Nederland","(52.37197895, 4.884726800042784)",1052,CH
3,24,"Grachtengordel van Amsterdam, Nassaukade, Staatsliedenbuurt, West, Amsterdam, Noord-Holland, Nederland, 1052 CH, Nederland","(52.37197895, 4.884726800042784)",1052,CH
4,41,"Grachtengordel van Amsterdam, Nassaukade, Staatsliedenbuurt, West, Amsterdam, Noord-Holland, Nederland, 1052 CH, Nederland","(52.37197895, 4.884726800042784)",1052,CH
5,46,"Grachtengordel van Amsterdam, Nassaukade, Staatsliedenbuurt, West, Amsterdam, Noord-Holland, Nederland, 1052 CH, Nederland","(52.37197895, 4.884726800042784)",1052,CH
6,151,"Grachtengordel van Amsterdam, Nassaukade, Staatsliedenbuurt, West, Amsterdam, Noord-Holland, Nederland, 1052 CH, Nederland","(52.37197895, 4.884726800042784)",1052,CH
7,320,"Grachtengordel van Amsterdam, Nassaukade, Staatsliedenbuurt, West, Amsterdam, Noord-Holland, Nederland, 1052 CH, Nederland","(52.37197895, 4.884726800042784)",1052,CH
8,379,"Grachtengordel van Amsterdam, Nassaukade, Staatsliedenbuurt, West, Amsterdam, Noord-Holland, Nederland, 1052 CH, Nederland","(52.37197895, 4.884726800042784)",1052,CH
9,386,"Grachtengordel van Amsterdam, Nassaukade, Staatsliedenbuurt, West, Amsterdam, Noord-Holland, Nederland, 1052 CH, Nederland","(52.37197895, 4.884726800042784)",1052,CH
10,388,"Grachtengordel van Amsterdam, Nassaukade, Staatsliedenbuurt, West, Amsterdam, Noord-Holland, Nederland, 1052 CH, Nederland","(52.37197895, 4.884726800042784)",1052,CH
11,443,"Grachtengordel van Amsterdam, Nassaukade, Staatsliedenbuurt, West, Amsterdam, Noord-Holland, Nederland, 1052 CH, Nederland","(52.37197895, 4.884726800042784)",1052,CH
12,480,"Grachtengordel van Amsterdam, Nassaukade, Staatsliedenbuurt, West, Amsterdam, Noord-Holland, Nederland, 1052 CH, Nederland","(52.37197895, 4.884726800042784)",1052,CH
13,495,"Grachtengordel van Amsterdam, Nassaukade, Staatsliedenbuurt, West, Amsterdam, Noord-Holland, Nederland, 1052 CH, Nederland","(52.37197895, 4.884726800042784)",1052,CH
14,540,"Grachtengordel van Amsterdam, Nassaukade, Staatsliedenbuurt, West, Amsterdam, Noord-Holland, Nederland, 1052 CH, Nederland","(52.37197895, 4.884726800042784)",1052,CH
15,661,"Grachtengordel van Amsterdam, Nassaukade, Staatsliedenbuurt, West, Amsterdam, Noord-Holland, Nederland, 1052 CH, Nederland","(52.37197895, 4.884726800042784)",1052,CH
16,673,"Grachtengordel van Amsterdam, Nassaukade, Staatsliedenbuurt, West, Amsterdam, Noord-Holland, Nederland, 1052 CH, Nederland","(52.37197895, 4.884726800042784)",1052,CH
17,739,"Grachtengordel van Amsterdam, Nassaukade, Staatsliedenbuurt, West, Amsterdam, Noord-Holland, Nederland, 1052 CH, Nederland","(52.37197895, 4.884726800042784)",1052,CH
18,785,"Grachtengordel van Amsterdam, Nassaukade, Staatsliedenbuurt, West, Amsterdam, Noord-Holland, Nederland, 1052 CH, Nederland","(52.37197895, 4.884726800042784)",1052,CH
19,788,"Grachtengordel van Amsterdam, Nassaukade, Staatsliedenbuurt, West, Amsterdam, Noord-Holland, Nederland, 1052 CH, Nederland","(52.37197895, 4.884726800042784)",1052,CH
20,815,"Grachtengordel van Amsterdam, Nassaukade, Staatsliedenbuurt, West, Amsterdam, Noord-Holland, Nederland, 1052 CH, Nederland","(52.37197895, 4.884726800042784)",1052,CH
21,823,"Grachtengordel van Amsterdam, Nassaukade, Staatsliedenbuurt, West, Amsterdam, Noord-Holland, Nederland, 1052 CH, Nederland","(52.37197895, 4.884726800042784)",1052,CH
22,833,"Grachtengordel van Amsterdam, Nassaukade, Staatsliedenbuurt, West, Amsterdam, Noord-Holland, Nederland, 1052 CH, Nederland","(52.37197895, 4.884726800042784)",1052,CH
23,853,"Grachtengordel van Amsterdam, Nassaukade, Staatsliedenbuurt, West, Amsterdam, Noord-Holland, Nederland, 1052 CH, Nederland","(52.37197895, 4.884726800042784)",1052,CH
24,882,"Grachtengordel van Amsterdam, Nassaukade, Staatsliedenbuurt, West, Amsterdam, Noord-Holland, Nederland, 1052 CH, Nederland","(52.37197895, 4.884726800042784)",1052,CH
25,975,"Grachtengordel van Amsterdam, Nassaukade, Staatsliedenbuurt, West, Amsterdam, Noord-Holland, Nederland, 1052 CH, Nederland","(52.37197895, 4.884726800042784)",1052,CH
26,1006,"Grachtengordel van Amsterdam, Nassaukade, Staatsliedenbuurt, West, Amsterdam, Noord-Holland, Nederland, 1052 CH, Nederland","(52.37197895, 4.884726800042784)",1052,CH
27,1011,"Grachtengordel van Amsterdam, Nassaukade, Staatsliedenbuurt, West, Amsterdam, Noord-Holland, Nederland, 1052 CH, Nederland","(52.37197895, 4.884726800042784)",1052,CH
28,1079,"Grachtengordel van Amsterdam, Nassaukade, Staatsliedenbuurt, West, Amsterdam, Noord-Holland, Nederland, 1052 CH, Nederland","(52.37197895, 4.884726800042784)",1052,CH
29,1131,"Grachtengordel van Amsterdam, Nassaukade, Staatsliedenbuurt, West, Amsterdam, Noord-Holland, Nederland, 1052 CH, Nederland","(52.37197895, 4.884726800042784)",1052,CH
30,1253,"Grachtengordel van Amsterdam, Nassaukade, Staatsliedenbuurt, West, Amsterdam, Noord-Holland, Nederland, 1052 CH, Nederland","(52.37197895, 4.884726800042784)",1052,CH
31,1256,"Grachtengordel van Amsterdam, Nassaukade, Staatsliedenbuurt, West, Amsterdam, Noord-Holland, Nederland, 1052 CH, Nederland","(52.37197895, 4.884726800042784)",1052,CH
32,1310,"Grachtengordel van Amsterdam, Nassaukade, Staatsliedenbuurt, West, Amsterdam, Noord-Holland, Nederland, 1052 CH, Nederland","(52.37197895, 4.884726800042784)",1052,CH
33,1329,"Grachtengordel van Amsterdam, Nassaukade, Staatsliedenbuurt, West, Amsterdam, Noord-Holland, Nederland, 1052 CH, Nederland","(52.37197895, 4.884726800042784)",1052,CH
34,1367,"Grachtengordel van Amsterdam, Nassaukade, Staatsliedenbuurt, West, Amsterdam, Noord-Holland, Nederland, 1052 CH, Nederland","(52.37197895, 4.884726800042784)",1052,CH
35,1503,"Grachtengordel van Amsterdam, Nassaukade, Staatsliedenbuurt, West, Amsterdam, Noord-Holland, Nederland, 1052 CH, Nederland","(52.37197895, 4.884726800042784)",1052,CH
36,1524,"Grachtengordel van Amsterdam, Nassaukade, Staatsliedenbuurt, West, Amsterdam, Noord-Holland, Nederland, 1052 CH, Nederland","(52.37197895, 4.884726800042784)",1052,CH
37,1555,"Grachtengordel van Amsterdam, Nassaukade, Staatsliedenbuurt, West, Amsterdam, Noord-Holland, Nederland, 1052 CH, Nederland","(52.37197895, 4.884726800042784)",1052,CH
38,1585,"Grachtengordel van Amsterdam, Nassaukade, Staatsliedenbuurt, West, Amsterdam, Noord-Holland, Nederland, 1052 CH, Nederland","(52.37197895, 4.884726800042784)",1052,CH
39,1587,"Grachtengordel van Amsterdam, Nassaukade, Staatsliedenbuurt, West, Amsterdam, Noord-Holland, Nederland, 1052 CH, Nederland","(52.37197895, 4.884726800042784)",1052,CH
40,1635,"Grachtengordel van Amsterdam, Nassaukade, Staatsliedenbuurt, West, Amsterdam, Noord-Holland, Nederland, 1052 CH, Nederland","(52.37197895, 4.884726800042784)",1052,CH
41,1642,"Grachtengordel van Amsterdam, Nassaukade, Staatsliedenbuurt, West, Amsterdam, Noord-Holland, Nederland, 1052 CH, Nederland","(52.37197895, 4.884726800042784)",1052,CH
42,1676,"Grachtengordel van Amsterdam, Nassaukade, Staatsliedenbuurt, West, Amsterdam, Noord-Holland, Nederland, 1052 CH, Nederland","(52.37197895, 4.884726800042784)",1052,CH
43,1755,"Grachtengordel van Amsterdam, Nassaukade, Staatsliedenbuurt, West, Amsterdam, Noord-Holland, Nederland, 1052 CH, Nederland","(52.37197895, 4.884726800042784)",1052,CH
44,1787,"Grachtengordel van Amsterdam, Nassaukade, Staatsliedenbuurt, West, Amsterdam, Noord-Holland, Nederland, 1052 CH, Nederland","(52.37197895, 4.884726800042784)",1052,CH
45,1828,"Grachtengordel van Amsterdam, Nassaukade, Staatsliedenbuurt, West, Amsterdam, Noord-Holland, Nederland, 1052 CH, Nederland","(52.37197895, 4.884726800042784)",1052,CH
46,1878,"Grachtengordel van Amsterdam, Nassaukade, Staatsliedenbuurt, West, Amsterdam, Noord-Holland, Nederland, 1052 CH, Nederland","(52.37197895, 4.884726800042784)",1052,CH
47,1976,"Grachtengordel van Amsterdam, Nassaukade, Staatsliedenbuurt, West, Amsterdam, Noord-Holland, Nederland, 1052 CH, Nederland","(52.37197895, 4.884726800042784)",1052,CH
48,1994,"Grachtengordel van Amsterdam, Nassaukade, Staatsliedenbuurt, West, Amsterdam, Noord-Holland, Nederland, 1052 CH, Nederland","(52.37197895, 4.884726800042784)",1052,CH
49,2016,"Grachtengordel van Amsterdam, Nassaukade, Staatsliedenbuurt, West, Amsterdam, Noord-Holland, Nederland, 1052 CH, Nederland","(52.37197895, 4.884726800042784)",1052,CH
50,2049,"Grachtengordel van Amsterdam, Nassaukade, Staatsliedenbuurt, West, Amsterdam, Noord-Holland, Nederland, 1052 CH, Nederland","(52.37197895, 4.884726800042784)",1052,CH
51,2064,"Grachtengordel van Amsterdam, Nassaukade, Staatsliedenbuurt, West, Amsterdam, Noord-Holland, Nederland, 1052 CH, Nederland","(52.37197895, 4.884726800042784)",1052,CH
52,2086,"Grachtengordel van Amsterdam, Nassaukade, Staatsliedenbuurt, West, Amsterdam, Noord-Holland, Nederland, 1052 CH, Nederland","(52.37197895, 4.884726800042784)",1052,CH
53,2155,"Grachtengordel van Amsterdam, Nassaukade, Staatsliedenbuurt, West, Amsterdam, Noord-Holland, Nederland, 1052 CH, Nederland","(52.37197895, 4.884726800042784)",1052,CH
54,2165,"Grachtengordel van Amsterdam, Nassaukade, Staatsliedenbuurt, West, Amsterdam, Noord-Holland, Nederland, 1052 CH, Nederland","(52.37197895, 4.884726800042784)",1052,CH
55,2182,"Grachtengordel van Amsterdam, Nassaukade, Staatsliedenbuurt, West, Amsterdam, Noord-Holland, Nederland, 1052 CH, Nederland","(52.37197895, 4.884726800042784)",1052,CH
56,2202,"Grachtengordel van Amsterdam, Nassaukade, Staatsliedenbuurt, West, Amsterdam, Noord-Holland, Nederland, 1052 CH, Nederland","(52.37197895, 4.884726800042784)",1052,CH
57,2243,"Grachtengordel van Amsterdam, Nassaukade, Staatsliedenbuurt, West, Amsterdam, Noord-Holland, Nederland, 1052 CH, Nederland","(52.37197895, 4.884726800042784)",1052,CH
58,2247,"Grachtengordel van Amsterdam, Nassaukade, Staatsliedenbuurt, West, Amsterdam, Noord-Holland, Nederland, 1052 CH, Nederland","(52.37197895, 4.884726800042784)",1052,CH
59,2299,"Grachtengordel van Amsterdam, Nassaukade, Staatsliedenbuurt, West, Amsterdam, Noord-Holland, Nederland, 1052 CH, Nederland","(52.37197895, 4.884726800042784)",1052,CH
60,2311,"Grachtengordel van Amsterdam, Nassaukade, Staatsliedenbuurt, West, Amsterdam, Noord-Holland, Nederland, 1052 CH, Nederland","(52.37197895, 4.884726800042784)",1052,CH
61,2344,"Grachtengordel van Amsterdam, Nassaukade, Staatsliedenbuurt, West, Amsterdam, Noord-Holland, Nederland, 1052 CH, Nederland","(52.37197895, 4.884726800042784)",1052,CH
62,2345,"Grachtengordel van Amsterdam, Nassaukade, Staatsliedenbuurt, West, Amsterdam, Noord-Holland, Nederland, 1052 CH, Nederland","(52.37197895, 4.884726800042784)",1052,CH
63,2419,"Grachtengordel van Amsterdam, Nassaukade, Staatsliedenbuurt, West, Amsterdam, Noord-Holland, Nederland, 1052 CH, Nederland","(52.37197895, 4.884726800042784)",1052,CH
64,2424,"Grachtengordel van Amsterdam, Nassaukade, Staatsliedenbuurt, West, Amsterdam, Noord-Holland, Nederland, 1052 CH, Nederland","(52.37197895, 4.884726800042784)",1052,CH
65,2523,"Grachtengordel van Amsterdam, Nassaukade, Staatsliedenbuurt, West, Amsterdam, Noord-Holland, Nederland, 1052 CH, Nederland","(52.37197895, 4.884726800042784)",1052,CH
66,2530,"Grachtengordel van Amsterdam, Nassaukade, Staatsliedenbuurt, West, Amsterdam, Noord-Holland, Nederland, 1052 CH, Nederland","(52.37197895, 4.884726800042784)",1052,CH
67,2542,"Grachtengordel van Amsterdam, Nassaukade, Staatsliedenbuurt, West, Amsterdam, Noord-Holland, Nederland, 1052 CH, Nederland","(52.37197895, 4.884726800042784)",1052,CH
68,2581,"Grachtengordel van Amsterdam, Nassaukade, Staatsliedenbuurt, West, Amsterdam, Noord-Holland, Nederland, 1052 CH, Nederland","(52.37197895, 4.884726800042784)",1052,CH
69,2593,"Grachtengordel van Amsterdam, Nassaukade, Staatsliedenbuurt, West, Amsterdam, Noord-Holland, Nederland, 1052 CH, Nederland","(52.37197895, 4.884726800042784)",1052,CH
70,2616,"Grachtengordel van Amsterdam, Nassaukade, Staatsliedenbuurt, West, Amsterdam, Noord-Holland, Nederland, 1052 CH, Nederland","(52.37197895, 4.884726800042784)",1052,CH
71,2646,"Grachtengordel van Amsterdam, Nassaukade, Staatsliedenbuurt, West, Amsterdam, Noord-Holland, Nederland, 1052 CH, Nederland","(52.37197895, 4.884726800042784)",1052,CH
72,2675,"Grachtengordel van Amsterdam, Nassaukade, Staatsliedenbuurt, West, Amsterdam, Noord-Holland, Nederland, 1052 CH, Nederland","(52.37197895, 4.884726800042784)",1052,CH
73,2708,"Grachtengordel van Amsterdam, Nassaukade, Staatsliedenbuurt, West, Amsterdam, Noord-Holland, Nederland, 1052 CH, Nederland","(52.37197895, 4.884726800042784)",1052,CH
74,2709,"Grachtengordel van Amsterdam, Nassaukade, Staatsliedenbuurt, West, Amsterdam, Noord-Holland, Nederland, 1052 CH, Nederland","(52.37197895, 4.884726800042784)",1052,CH
75,2742,"Grachtengordel van Amsterdam, Nassaukade, Staatsliedenbuurt, West, Amsterdam, Noord-Holland, Nederland, 1052 CH, Nederland","(52.37197895, 4.884726800042784)",1052,CH
76,2898,"Grachtengordel van Amsterdam, Nassaukade, Staatsliedenbuurt, West, Amsterdam, Noord-Holland, Nederland, 1052 CH, Nederland","(52.37197895, 4.884726800042784)",1052,CH
77,2952,"Grachtengordel van Amsterdam, Nassaukade, Staatsliedenbuurt, West, Amsterdam, Noord-Holland, Nederland, 1052 CH, Nederland","(52.37197895, 4.884726800042784)",1052,CH
78,2958,"Grachtengordel van Amsterdam, Nassaukade, Staatsliedenbuurt, West, Amsterdam, Noord-Holland, Nederland, 1052 CH, Nederland","(52.37197895, 4.884726800042784)",1052,CH
79,2967,"Grachtengordel van Amsterdam, Nassaukade, Staatsliedenbuurt, West, Amsterdam, Noord-Holland, Nederland, 1052 CH, Nederland","(52.37197895, 4.884726800042784)",1052,CH
80,3040,"Grachtengordel van Amsterdam, Nassaukade, Staatsliedenbuurt, West, Amsterdam, Noord-Holland, Nederland, 1052 CH, Nederland","(52.37197895, 4.884726800042784)",1052,CH
81,3079,"Grachtengordel van Amsterdam, Nassaukade, Staatsliedenbuurt, West, Amsterdam, Noord-Holland, Nederland, 1052 CH, Nederland","(52.37197895, 4.884726800042784)",1052,CH
82,3256,"Grachtengordel van Amsterdam, Nassaukade, Staatsliedenbuurt, West, Amsterdam, Noord-Holland, Nederland, 1052 CH, Nederland","(52.37197895, 4.884726800042784)",1052,CH
83,3263,"Grachtengordel van Amsterdam, Nassaukade, Staatsliedenbuurt, West, Amsterdam, Noord-Holland, Nederland, 1052 CH, Nederland","(52.37197895, 4.884726800042784)",1052,CH
84,3269,"Grachtengordel van Amsterdam, Nassaukade, Staatsliedenbuurt, West, Amsterdam, Noord-Holland, Nederland, 1052 CH, Nederland","(52.37197895, 4.884726800042784)",1052,CH
85,3320,"Grachtengordel van Amsterdam, Nassaukade, Staatsliedenbuurt, West, Amsterdam, Noord-Holland, Nederland, 1052 CH, Nederland","(52.37197895, 4.884726800042784)",1052,CH
86,3338,"Grachtengordel van Amsterdam, Nassaukade, Staatsliedenbuurt, West, Amsterdam, Noord-Holland, Nederland, 1052 CH, Nederland","(52.37197895, 4.884726800042784)",1052,CH
87,3535,"Grachtengordel van Amsterdam, Nassaukade, Staatsliedenbuurt, West, Amsterdam, Noord-Holland, Nederland, 1052 CH, Nederland","(52.37197895, 4.884726800042784)",1052,CH
88,3549,"Grachtengordel van Amsterdam, Nassaukade, Staatsliedenbuurt, West, Amsterdam, Noord-Holland, Nederland, 1052 CH, Nederland","(52.37197895, 4.884726800042784)",1052,CH
89,3554,"Grachtengordel van Amsterdam, Nassaukade, Staatsliedenbuurt, West, Amsterdam, Noord-Holland, Nederland, 1052 CH, Nederland","(52.37197895, 4.884726800042784)",1052,CH
90,3586,"Grachtengordel van Amsterdam, Nassaukade, Staatsliedenbuurt, West, Amsterdam, Noord-Holland, Nederland, 1052 CH, Nederland","(52.37197895, 4.884726800042784)",1052,CH
91,3669,"Grachtengordel van Amsterdam, Nassaukade, Staatsliedenbuurt, West, Amsterdam, Noord-Holland, Nederland, 1052 CH, Nederland","(52.37197895, 4.884726800042784)",1052,CH
92,3706,"Grachtengordel van Amsterdam, Nassaukade, Staatsliedenbuurt, West, Amsterdam, Noord-Holland, Nederland, 1052 CH, Nederland","(52.37197895, 4.884726800042784)",1052,CH
93,3712,"Grachtengordel van Amsterdam, Nassaukade, Staatsliedenbuurt, West, Amsterdam, Noord-Holland, Nederland, 1052 CH, Nederland","(52.37197895, 4.884726800042784)",1052,CH
94,3723,"Grachtengordel van Amsterdam, Nassaukade, Staatsliedenbuurt, West, Amsterdam, Noord-Holland, Nederland, 1052 CH, Nederland","(52.37197895, 4.884726800042784)",1052,CH
95,3736,"Grachtengordel van Amsterdam, Nassaukade, Staatsliedenbuurt, West, Amsterdam, Noord-Holland, Nederland, 1052 CH, Nederland","(52.37197895, 4.884726800042784)",1052,CH
96,3767,"Grachtengordel van Amsterdam, Nassaukade, Staatsliedenbuurt, West, Amsterdam, Noord-Holland, Nederland, 1052 CH, Nederland","(52.37197895, 4.884726800042784)",1052,CH
97,3777,"Grachtengordel van Amsterdam, Nassaukade, Staatsliedenbuurt, West, Amsterdam, Noord-Holland, Nederland, 1052 CH, Nederland","(52.37197895, 4.884726800042784)",1052,CH
98,3811,"Grachtengordel van Amsterdam, Nassaukade, Staatsliedenbuurt, West, Amsterdam, Noord-Holland, Nederland, 1052 CH, Nederland","(52.37197895, 4.884726800042784)",1052,CH
99,3937,"Grachtengordel van Amsterdam, Nassaukade, Staatsliedenbuurt, West, Amsterdam, Noord-Holland, Nederland, 1052 CH, Nederland","(52.37197895, 4.884726800042784)",1052,CH
100,3951,"Grachtengordel van Amsterdam, Nassaukade, Staatsliedenbuurt, West, Amsterdam, Noord-Holland, Nederland, 1052 CH, Nederland","(52.37197895, 4.884726800042784)",1052,CH
101,3952,"Grachtengordel van Amsterdam, Nassaukade, Staatsliedenbuurt, West, Amsterdam, Noord-Holland, Nederland, 1052 CH, Nederland","(52.37197895, 4.884726800042784)",1052,CH
102,3954,"Grachtengordel van Amsterdam, Nassaukade, Staatsliedenbuurt, West, Amsterdam, Noord-Holland, Nederland, 1052 CH, Nederland","(52.37197895, 4.884726800042784)",1052,CH
103,4000,"Grachtengordel van Amsterdam, Nassaukade, Staatsliedenbuurt, West, Amsterdam, Noord-Holland, Nederland, 1052 CH, Nederland","(52.37197895, 4.884726800042784)",1052,CH
104,4018,"Grachtengordel van Amsterdam, Nassaukade, Staatsliedenbuurt, West, Amsterdam, Noord-Holland, Nederland, 1052 CH, Nederland","(52.37197895, 4.884726800042784)",1052,CH
105,4041,"Grachtengordel van Amsterdam, Nassaukade, Staatsliedenbuurt, West, Amsterdam, Noord-Holland, Nederland, 1052 CH, Nederland","(52.37197895, 4.884726800042784)",1052,CH
106,4082,"Grachtengordel van Amsterdam, Nassaukade, Staatsliedenbuurt, West, Amsterdam, Noord-Holland, Nederland, 1052 CH, Nederland","(52.37197895, 4.884726800042784)",1052,CH
107,4179,"Grachtengordel van Amsterdam, Nassaukade, Staatsliedenbuurt, West, Amsterdam, Noord-Holland, Nederland, 1052 CH, Nederland","(52.37197895, 4.884726800042784)",1052,CH
108,4202,"Grachtengordel van Amsterdam, Nassaukade, Staatsliedenbuurt, West, Amsterdam, Noord-Holland, Nederland, 1052 CH, Nederland","(52.37197895, 4.884726800042784)",1052,CH
109,4226,"Grachtengordel van Amsterdam, Nassaukade, Staatsliedenbuurt, West, Amsterdam, Noord-Holland, Nederland, 1052 CH, Nederland","(52.37197895, 4.884726800042784)",1052,CH
110,4248,"Grachtengordel van Amsterdam, Nassaukade, Staatsliedenbuurt, West, Amsterdam, Noord-Holland, Nederland, 1052 CH, Nederland","(52.37197895, 4.884726800042784)",1052,CH
111,4266,"Grachtengordel van Amsterdam, Nassaukade, Staatsliedenbuurt, West, Amsterdam, Noord-Holland, Nederland, 1052 CH, Nederland","(52.37197895, 4.884726800042784)",1052,CH
112,4361,"Grachtengordel van Amsterdam, Nassaukade, Staatsliedenbuurt, West, Amsterdam, Noord-Holland, Nederland, 1052 CH, Nederland","(52.37197895, 4.884726800042784)",1052,CH
113,4381,"Grachtengordel van Amsterdam, Nassaukade, Staatsliedenbuurt, West, Amsterdam, Noord-Holland, Nederland, 1052 CH, Nederland","(52.37197895, 4.884726800042784)",1052,CH
114,4387,"Grachtengordel van Amsterdam, Nassaukade, Staatsliedenbuurt, West, Amsterdam, Noord-Holland, Nederland, 1052 CH, Nederland","(52.37197895, 4.884726800042784)",1052,CH
115,4403,"Grachtengordel van Amsterdam, Nassaukade, Staatsliedenbuurt, West, Amsterdam, Noord-Holland, Nederland, 1052 CH, Nederland","(52.37197895, 4.884726800042784)",1052,CH
116,4404,"Grachtengordel van Amsterdam, Nassaukade, Staatsliedenbuurt, West, Amsterdam, Noord-Holland, Nederland, 1052 CH, Nederland","(52.37197895, 4.884726800042784)",1052,CH
117,4410,"Grachtengordel van Amsterdam, Nassaukade, Staatsliedenbuurt, West, Amsterdam, Noord-Holland, Nederland, 1052 CH, Nederland","(52.37197895, 4.884726800042784)",1052,CH
118,4455,"Grachtengordel van Amsterdam, Nassaukade, Staatsliedenbuurt, West, Amsterdam, Noord-Holland, Nederland, 1052 CH, Nederland","(52.37197895, 4.884726800042784)",1052,CH
119,4480,"Grachtengordel van Amsterdam, Nassaukade, Staatsliedenbuurt, West, Amsterdam, Noord-Holland, Nederland, 1052 CH, Nederland","(52.37197895, 4.884726800042784)",1052,CH
120,4499,"Grachtengordel van Amsterdam, Nassaukade, Staatsliedenbuurt, West, Amsterdam, Noord-Holland, Nederland, 1052 CH, Nederland","(52.37197895, 4.884726800042784)",1052,CH
121,4555,"Grachtengordel van Amsterdam, Nassaukade, Staatsliedenbuurt, West, Amsterdam, Noord-Holland, Nederland, 1052 CH, Nederland","(52.37197895, 4.884726800042784)",1052,CH
122,4557,"Grachtengordel van Amsterdam, Nassaukade, Staatsliedenbuurt, West, Amsterdam, Noord-Holland, Nederland, 1052 CH, Nederland","(52.37197895, 4.884726800042784)",1052,CH
123,4579,"Grachtengordel van Amsterdam, Nassaukade, Staatsliedenbuurt, West, Amsterdam, Noord-Holland, Nederland, 1052 CH, Nederland","(52.37197895, 4.884726800042784)",1052,CH
124,4581,"Grachtengordel van Amsterdam, Nassaukade, Staatsliedenbuurt, West, Amsterdam, Noord-Holland, Nederland, 1052 CH, Nederland","(52.37197895, 4.884726800042784)",1052,CH
125,4602,"Grachtengordel van Amsterdam, Nassaukade, Staatsliedenbuurt, West, Amsterdam, Noord-Holland, Nederland, 1052 CH, Nederland","(52.37197895, 4.884726800042784)",1052,CH
126,4688,"Grachtengordel van Amsterdam, Nassaukade, Staatsliedenbuurt, West, Amsterdam, Noord-Holland, Nederland, 1052 CH, Nederland","(52.37197895, 4.884726800042784)",1052,CH
127,4722,"Grachtengordel van Amsterdam, Nassaukade, Staatsliedenbuurt, West, Amsterdam, Noord-Holland, Nederland, 1052 CH, Nederland","(52.37197895, 4.884726800042784)",1052,CH
128,4727,"Grachtengordel van Amsterdam, Nassaukade, Staatsliedenbuurt, West, Amsterdam, Noord-Holland, Nederland, 1052 CH, Nederland","(52.37197895, 4.884726800042784)",1052,CH
129,4754,"Grachtengordel van Amsterdam, Nassaukade, Staatsliedenbuurt, West, Amsterdam, Noord-Holland, Nederland, 1052 CH, Nederland","(52.37197895, 4.884726800042784)",1052,CH
130,4867,"Grachtengordel van Amsterdam, Nassaukade, Staatsliedenbuurt, West, Amsterdam, Noord-Holland, Nederland, 1052 CH, Nederland","(52.37197895, 4.884726800042784)",1052,CH
131,4972,"Grachtengordel van Amsterdam, Nassaukade, Staatsliedenbuurt, West, Amsterdam, Noord-Holland, Nederland, 1052 CH, Nederland","(52.37197895, 4.884726800042784)",1052,CH
132,6057,"Nassaukade, Staatsliedenbuurt, West, Amsterdam, Noord-Holland, Nederland, 1052 CH, Nederland","(52.383978040393785, 4.881098559021044)",1052,CH
133,6059,"Grachtengordel van Amsterdam, Nassaukade, Staatsliedenbuurt, West, Amsterdam, Noord-Holland, Nederland, 1052 CH, Nederland","(52.37197895, 4.884726800042784)",1052,CH
134,6075,"Grachtengordel van Amsterdam, Nassaukade, Staatsliedenbuurt, West, Amsterdam, Noord-Holland, Nederland, 1052 CH, Nederland","(52.37197895, 4.884726800042784)",1052,CH
135,6148,"Grachtengordel van Amsterdam, Nassaukade, Staatsliedenbuurt, West, Amsterdam, Noord-Holland, Nederland, 1052 CH, Nederland","(52.37197895, 4.884726800042784)",1052,CH
136,6216,"Grachtengordel van Amsterdam, Nassaukade, Staatsliedenbuurt, West, Amsterdam, Noord-Holland, Nederland, 1052 CH, Nederland","(52.37197895, 4.884726800042784)",1052,CH
137,6218,"Grachtengordel van Amsterdam, Nassaukade, Staatsliedenbuurt, West, Amsterdam, Noord-Holland, Nederland, 1052 CH, Nederland","(52.37197895, 4.884726800042784)",1052,CH
138,6228,"Grachtengordel van Amsterdam, Nassaukade, Staatsliedenbuurt, West, Amsterdam, Noord-Holland, Nederland, 1052 CH, Nederland","(52.37197895, 4.884726800042784)",1052,CH
139,6229,"Grachtengordel van Amsterdam, Nassaukade, Staatsliedenbuurt, West, Amsterdam, Noord-Holland, Nederland, 1052 CH, Nederland","(52.37197895, 4.884726800042784)",1052,CH
140,6266,"Grachtengordel van Amsterdam, Nassaukade, Staatsliedenbuurt, West, Amsterdam, Noord-Holland, Nederland, 1052 CH, Nederland","(52.37197895, 4.884726800042784)",1052,CH
141,6379,"Grachtengordel van Amsterdam, Nassaukade, Staatsliedenbuurt, West, Amsterdam, Noord-Holland, Nederland, 1052 CH, Nederland","(52.37197895, 4.884726800042784)",1052,CH
142,6416,"Grachtengordel van Amsterdam, Nassaukade, Staatsliedenbuurt, West, Amsterdam, Noord-Holland, Nederland, 1052 CH, Nederland","(52.37197895, 4.884726800042784)",1052,CH
143,6511,"Grachtengordel van Amsterdam, Nassaukade, Staatsliedenbuurt, West, Amsterdam, Noord-Holland, Nederland, 1052 CH, Nederland","(52.37197895, 4.884726800042784)",1052,CH
144,6521,"Grachtengordel van Amsterdam, Nassaukade, Staatsliedenbuurt, West, Amsterdam, Noord-Holland, Nederland, 1052 CH, Nederland","(52.37197895, 4.884726800042784)",1052,CH
145,6560,"Grachtengordel van Amsterdam, Nassaukade, Staatsliedenbuurt, West, Amsterdam, Noord-Holland, Nederland, 1052 CH, Nederland","(52.37197895, 4.884726800042784)",1052,CH
146,6693,"Grachtengordel van Amsterdam, Nassaukade, Staatsliedenbuurt, West, Amsterdam, Noord-Holland, Nederland, 1052 CH, Nederland","(52.37197895, 4.884726800042784)",1052,CH
147,6695,"Grachtengordel van Amsterdam, Nassaukade, Staatsliedenbuurt, West, Amsterdam, Noord-Holland, Nederland, 1052 CH, Nederland","(52.37197895, 4.884726800042784)",1052,CH
148,6731,"Grachtengordel van Amsterdam, Nassaukade, Staatsliedenbuurt, West, Amsterdam, Noord-Holland, Nederland, 1052 CH, Nederland","(52.37197895, 4.884726800042784)",1052,CH
149,6764,"Grachtengordel van Amsterdam, Nassaukade, Staatsliedenbuurt, West, Amsterdam, Noord-Holland, Nederland, 1052 CH, Nederland","(52.37197895, 4.884726800042784)",1052,CH
150,6767,"Grachtengordel van Amsterdam, Nassaukade, Staatsliedenbuurt, West, Amsterdam, Noord-Holland, Nederland, 1052 CH, Nederland","(52.37197895, 4.884726800042784)",1052,CH
151,6811,"Grachtengordel van Amsterdam, Nassaukade, Staatsliedenbuurt, West, Amsterdam, Noord-Holland, Nederland, 1052 CH, Nederland","(52.37197895, 4.884726800042784)",1052,CH
152,6830,"Grachtengordel van Amsterdam, Nassaukade, Staatsliedenbuurt, West, Amsterdam, Noord-Holland, Nederland, 1052 CH, Nederland","(52.37197895, 4.884726800042784)",1052,CH
153,6918,"Grachtengordel van Amsterdam, Nassaukade, Staatsliedenbuurt, West, Amsterdam, Noord-Holland, Nederland, 1052 CH, Nederland","(52.37197895, 4.884726800042784)",1052,CH
154,7040,"Grachtengordel van Amsterdam, Nassaukade, Staatsliedenbuurt, West, Amsterdam, Noord-Holland, Nederland, 1052 CH, Nederland","(52.37197895, 4.884726800042784)",1052,CH
155,7084,"Grachtengordel van Amsterdam, Nassaukade, Staatsliedenbuurt, West, Amsterdam, Noord-Holland, Nederland, 1052 CH, Nederland","(52.37197895, 4.884726800042784)",1052,CH
156,7170,"Grachtengordel van Amsterdam, Nassaukade, Staatsliedenbuurt, West, Amsterdam, Noord-Holland, Nederland, 1052 CH, Nederland","(52.37197895, 4.884726800042784)",1052,CH
157,7195,"Grachtengordel van Amsterdam, Nassaukade, Staatsliedenbuurt, West, Amsterdam, Noord-Holland, Nederland, 1052 CH, Nederland","(52.37197895, 4.884726800042784)",1052,CH
158,7235,"Grachtengordel van Amsterdam, Nassaukade, Staatsliedenbuurt, West, Amsterdam, Noord-Holland, Nederland, 1052 CH, Nederland","(52.37197895, 4.884726800042784)",1052,CH
159,7340,"Grachtengordel van Amsterdam, Nassaukade, Staatsliedenbuurt, West, Amsterdam, Noord-Holland, Nederland, 1052 CH, Nederland","(52.37197895, 4.884726800042784)",1052,CH
160,7424,"Grachtengordel van Amsterdam, Nassaukade, Staatsliedenbuurt, West, Amsterdam, Noord-Holland, Nederland, 1052 CH, Nederland","(52.37197895, 4.884726800042784)",1052,CH
161,7425,"Grachtengordel van Amsterdam, Nassaukade, Staatsliedenbuurt, West, Amsterdam, Noord-Holland, Nederland, 1052 CH, Nederland","(52.37197895, 4.884726800042784)",1052,CH
162,7488,"Grachtengordel van Amsterdam, Nassaukade, Staatsliedenbuurt, West, Amsterdam, Noord-Holland, Nederland, 1052 CH, Nederland","(52.37197895, 4.884726800042784)",1052,CH
163,7564,"Grachtengordel van Amsterdam, Nassaukade, Staatsliedenbuurt, West, Amsterdam, Noord-Holland, Nederland, 1052 CH, Nederland","(52.37197895, 4.884726800042784)",1052,CH
164,7581,"Grachtengordel van Amsterdam, Nassaukade, Staatsliedenbuurt, West, Amsterdam, Noord-Holland, Nederland, 1052 CH, Nederland","(52.37197895, 4.884726800042784)",1052,CH
165,7602,"Grachtengordel van Amsterdam, Nassaukade, Staatsliedenbuurt, West, Amsterdam, Noord-Holland, Nederland, 1052 CH, Nederland","(52.37197895, 4.884726800042784)",1052,CH
166,7647,"Grachtengordel van Amsterdam, Nassaukade, Staatsliedenbuurt, West, Amsterdam, Noord-Holland, Nederland, 1052 CH, Nederland","(52.37197895, 4.884726800042784)",1052,CH
167,7648,"Grachtengordel van Amsterdam, Nassaukade, Staatsliedenbuurt, West, Amsterdam, Noord-Holland, Nederland, 1052 CH, Nederland","(52.37197895, 4.884726800042784)",1052,CH
168,7657,"Grachtengordel van Amsterdam, Nassaukade, Staatsliedenbuurt, West, Amsterdam, Noord-Holland, Nederland, 1052 CH, Nederland","(52.37197895, 4.884726800042784)",1052,CH
169,7678,"Grachtengordel van Amsterdam, Nassaukade, Staatsliedenbuurt, West, Amsterdam, Noord-Holland, Nederland, 1052 CH, Nederland","(52.37197895, 4.884726800042784)",1052,CH
170,7680,"Grachtengordel van Amsterdam, Nassaukade, Staatsliedenbuurt, West, Amsterdam, Noord-Holland, Nederland, 1052 CH, Nederland","(52.37197895, 4.884726800042784)",1052,CH
171,7761,"Grachtengordel van Amsterdam, Nassaukade, Staatsliedenbuurt, West, Amsterdam, Noord-Holland, Nederland, 1052 CH, Nederland","(52.37197895, 4.884726800042784)",1052,CH
172,7806,"Grachtengordel van Amsterdam, Nassaukade, Staatsliedenbuurt, West, Amsterdam, Noord-Holland, Nederland, 1052 CH, Nederland","(52.37197895, 4.884726800042784)",1052,CH
173,7828,"Grachtengordel van Amsterdam, Nassaukade, Staatsliedenbuurt, West, Amsterdam, Noord-Holland, Nederland, 1052 CH, Nederland","(52.37197895, 4.884726800042784)",1052,CH
174,7999,"Grachtengordel van Amsterdam, Nassaukade, Staatsliedenbuurt, West, Amsterdam, Noord-Holland, Nederland, 1052 CH, Nederland","(52.37197895, 4.884726800042784)",1052,CH
175,8091,"19-H, Nassaukade, Staatsliedenbuurt, West, Amsterdam, Noord-Holland, Nederland, 1052 CH, Nederland","(52.3834201, 4.8805025)",1052,CH
